,Unnamed: 0,Unnamed: 0.1,Project,Version,File,Class,Method,Smelly,Source,Code
9518,40549,40549,atlas-sources,release-0.8.2-rc0,addons.hive-bridge.src.main.org.apache.atlas.hive.hook.hivehook,hiveeventcontext,,0,8," public int compare ( Entity o1 , Entity o2 ) { String s1 = o1 . getName ( ) ; String s2 = o2 . getName ( ) ; if ( s1 == null || s2 == null ) { s1 = o1 . getD ( ) . toString ( ) ; s2 = o2 . getD ( ) . toString ( ) ; } return s1 . toLowerCase ( ) . compareTo ( s2 . toLowerCase ( ) ) ; }"
9519,40550,40550,atlas-sources,release-0.8.2-rc0,addons.hive-bridge.src.main.org.apache.atlas.hive.hook.hivehook,entitycomparator,,0,8," public int compare ( Entity o1 , Entity o2 ) { String s1 = o1 . getName ( ) ; String s2 = o2 . getName ( ) ; if ( s1 == null || s2 == null ) { s1 = o1 . getD ( ) . toString ( ) ; s2 = o2 . getD ( ) . toString ( ) ; } return s1 . toLowerCase ( ) . compareTo ( s2 . toLowerCase ( ) ) ; }"
9520,40551,40551,atlas-sources,release-0.8.2-rc0,addons.storm-bridge.src.main.org.apache.atlas.storm.hook.stormtopologyutil,stormtopologyutil,,0,8," private static String toString ( Object instance , boolean wrapWithQuote ) { if ( instance instanceof String ) if ( wrapWithQuote ) return ""\"""" + instance + ""\"""" ; else return instance . toString ( ) ; else return instance . toString ( ) ; }"
9521,40552,40552,atlas-sources,release-0.8.2-rc0,addons.hbase-bridge-shim.src.main.org.apache.atlas.hbase.hook.hbaseatlascoprocessor,hbaseatlascoprocessor,,0,8," public void postAddRSGroup ( ObserverContext < MasterCoprocessorEnvironment > ctx , String name ) throws IOException { }"
9522,40553,40553,atlas-sources,release-0.8.2-rc0,addons.hbase-bridge.src.main.org.apache.atlas.hbase.hook.hbaseatlascoprocessorbase,hbaseatlascoprocessorbase,,0,8," public void preAbortProcedure ( ObserverContext < MasterCoprocessorEnvironment > observerContext , ProcedureExecutor < MasterProcedureEnv > procedureExecutor , long l ) throws IOException { }"
9523,40554,40554,atlas-sources,release-0.8.2-rc0,addons.hbase-bridge.src.main.org.apache.atlas.hbase.util.importhbaseentities,importhbaseentities,,0,8," public String importTable ( final String tableName ) throws Exception { byte [ ] tblName = tableName . getBytes ( ) ; HTableDescriptor htd = hbaseAdmin . getTableDescriptor ( tblName ) ; String nsName = htd . getTableName ( ) . getNamespaceAsString ( ) ; NamespaceDescriptor nsDescriptor = hbaseAdmin . getNamespaceDescriptor ( nsName ) ; AtlasEntity nsEntity = createOrUpdateNameSpace ( nsDescriptor ) ; HColumnDescriptor [ ] hcdts = htd . getColumnFamilies ( ) ; createOrUpdateTable ( nsName , tableName , nsEntity , htd , hcdts ) ; return htd . getTableName ( ) . getNameAsString ( ) ; }"
9524,40556,40556,atlas-sources,release-0.8.2-rc0,authorization.src.main.org.apache.atlas.authorize.atlasauthorizer,atlasauthorizer,,0,8, void cleanUp ( ) ;
9525,40557,40557,atlas-sources,release-0.8.2-rc0,authorization.src.main.org.apache.atlas.authorize.atlasauthorizerfactory,atlasauthorizerfactory,,0,8," public static AtlasAuthorizer getAtlasAuthorizer ( ) throws AtlasAuthorizationException { Configuration configuration = null ; try { configuration = ApplicationProperties . get ( ) ; } catch ( AtlasException e ) { if ( LOG . isErrorEnabled ( ) ) { LOG . error ( ""Exception while fetching configuration. "" , e ) ; } } AtlasAuthorizer ret = INSTANCE ; if ( ret == null ) { synchronized ( AtlasAuthorizerFactory . class ) { if ( INSTANCE == null ) { String authorizerClass = configuration != null ? configuration . getString ( ""atlas.authorizer.impl"" ) : ""SIMPLE"" ; if ( StringUtils . isNotEmpty ( authorizerClass ) ) { if ( StringUtils . equalsIgnoreCase ( authorizerClass , ""SIMPLE"" ) ) { authorizerClass = SIMPLE_AUTHORIZER ; } else if ( StringUtils . equalsIgnoreCase ( authorizerClass , ""RANGER"" ) ) { authorizerClass = RANGER_AUTHORIZER ; } } else { authorizerClass = SIMPLE_AUTHORIZER ; } if ( isDebugEnabled ) { LOG . debug ( ""Initializing Authorizer :: {}"" , authorizerClass ) ; } try { Class authorizerMetaObject = Class . forName ( authorizerClass ) ; if ( authorizerMetaObject != null ) { INSTANCE = ( AtlasAuthorizer ) authorizerMetaObject . newInstance ( ) ; } } catch ( Exception e ) { LOG . error ( ""Error while creating authorizer of type '{}"" , authorizerClass , e ) ; throw new AtlasAuthorizationException ( ""Error while creating authorizer of type '"" + authorizerClass + ""'"" , e ) ; } ret = INSTANCE ; } } } return ret ; }"
9526,40558,40558,atlas-sources,release-0.8.2-rc0,authorization.src.main.org.apache.atlas.authorize.atlasaccessrequest,atlasaccessrequest,,0,8," public String toString ( ) { return ""AtlasAccessRequest [resourceType="" + resourceType + "", resource="" + resource + "", action="" + action + "", user="" + user + "", userGroups="" + userGroups + "", accessTime="" + accessTime + "", clientIPAddress="" + clientIPAddress + ""]"" ; }"
9527,40559,40559,atlas-sources,release-0.8.2-rc0,authorization.src.main.org.apache.atlas.authorize.simple.policyutil,policyutil,,0,8," public static Map < String , Map < AtlasResourceTypes , List < String > > > createPermissionMap ( List < PolicyDef > policyDefList , AtlasActionTypes permissionType , SimpleAtlasAuthorizer . AtlasAccessorTypes principalType ) { if ( isDebugEnabled ) { LOG . debug ( ""==> PolicyUtil createPermissionMap\nCreating Permission Map for :: {} & {}"" , permissionType , principalType ) ; } Map < String , Map < AtlasResourceTypes , List < String > > > userReadMap = new HashMap < > ( ) ; for ( PolicyDef policyDef : policyDefList ) { if ( LOG . isDebugEnabled ( ) ) { LOG . debug ( ""Processing policy def : {}"" , policyDef ) ; } Map < String , List < AtlasActionTypes > > principalMap = principalType . equals ( SimpleAtlasAuthorizer . AtlasAccessorTypes . USER ) ? policyDef . getUsers ( ) : policyDef . getGroups ( ) ; for ( Entry < String , List < AtlasActionTypes > > e : principalMap . entrySet ( ) ) { if ( ! e . getValue ( ) . contains ( permissionType ) ) { continue ; } String username = e . getKey ( ) ; Map < AtlasResourceTypes , List < String > > userResourceList = userReadMap . get ( username ) ; if ( userResourceList == null ) { if ( isDebugEnabled ) { LOG . debug ( ""Resource list not found for {}, creating it"" , username ) ; } userResourceList = new HashMap < > ( ) ; } for ( Entry < AtlasResourceTypes , List < String > > resourceTypeMap : policyDef . getResources ( ) . entrySet ( ) ) { AtlasResourceTypes type = resourceTypeMap . getKey ( ) ; List < String > resourceList = userResourceList . get ( type ) ; if ( resourceList == null ) { resourceList = new ArrayList < > ( ) ; resourceList . addAll ( resourceTypeMap . getValue ( ) ) ; } else { resourceList . removeAll ( resourceTypeMap . getValue ( ) ) ; resourceList . addAll ( resourceTypeMap . getValue ( ) ) ; } userResourceList . put ( type , resourceList ) ; } userReadMap . put ( username , userResourceList ) ; if ( LOG . isDebugEnabled ( ) ) { LOG . debug ( ""userReadMap {}"" , userReadMap ) ; } } } if ( isDebugEnabled ) { LOG . debug ( ""Returning Map for {} :: {}"" , principalType , userReadMap ) ; LOG . debug ( ""<== PolicyUtil createPermissionMap"" ) ; } return userReadMap ; }"
9528,40560,40560,atlas-sources,release-0.8.2-rc0,authorization.src.main.org.apache.atlas.authorize.simple.atlasauthorizationutils,atlasauthorizationutils,,0,8," public static String getRequestIpAddress ( HttpServletRequest httpServletRequest ) { try { InetAddress inetAddr = InetAddress . getByName ( httpServletRequest . getRemoteAddr ( ) ) ; String ip = inetAddr . getHostAddress ( ) ; return ip ; } catch ( UnknownHostException ex ) { LOG . error ( ""Error occured when retrieving IP address"" , ex ) ; return """" ; } }"
9529,40561,40561,atlas-sources,release-0.8.2-rc0,client.client-v1.src.main.org.apache.atlas.atlasclient,atlasclient,,0,8," JSONObject callAPIWithRetries ( API_V1 apiV1 , Object requestObject , ResourceCreator resourceCreator ) throws AtlasServiceException { return super . callAPIWithRetries ( apiV1 , requestObject , resourceCreator ) ; }"
9530,40562,40562,atlas-sources,release-0.8.2-rc0,client.client-v1.src.main.org.apache.atlas.entityauditevent,entityauditevent,,0,8," public void setEntityDefinition ( String entityDefinition ) { this . entityDefinition = InstanceSerialization . fromJsonReferenceable ( entityDefinition , true ) ; }"
9531,40563,40563,atlas-sources,release-0.8.2-rc0,client.client-v1.src.test.org.apache.atlas.atlasclienttest,atlasclienttest,,0,8," private AtlasClient getClientForTest ( final String ... baseUrls ) { return new AtlasClient ( ( UserGroupInformation ) null , ( String ) null , baseUrls ) { boolean firstCall = true ; @ Override protected String determineActiveServiceURL ( String [ ] baseUrls , Client client ) { String returnUrl = baseUrls [ 0 ] ; if ( baseUrls . length > 1 && ! firstCall ) { returnUrl = baseUrls [ 1 ] ; } firstCall = false ; return returnUrl ; } @ Override protected Configuration getClientProperties ( ) { return configuration ; } @ Override protected Client getClient ( Configuration configuration , UserGroupInformation ugi , String doAsUser ) { return client ; } } ; }"
9532,40564,40564,atlas-sources,release-0.8.2-rc0,client.client-v2.src.main.org.apache.atlas.atlasclientv2,atlasclientv2,,0,8," private < T > String getAtlasPath ( Class < T > typeDefClass ) { if ( AtlasEnumDef . class . isAssignableFrom ( typeDefClass ) ) { return ""enumdef"" ; } else if ( AtlasEntityDef . class . isAssignableFrom ( typeDefClass ) ) { return ""entitydef"" ; } else if ( AtlasClassificationDef . class . isAssignableFrom ( typeDefClass ) ) { return ""classificationdef"" ; } else if ( AtlasStructDef . class . isAssignableFrom ( typeDefClass ) ) { return ""structdef"" ; } return """" ; }"
9533,40565,40565,atlas-sources,release-0.8.2-rc0,common.src.main.org.apache.atlas.commonconfiguration,commonconfiguration,,0,8," public org . apache . commons . configuration . Configuration getAtlasConfig ( ) throws AtlasException { try { return ApplicationProperties . get ( ) ; } catch ( AtlasException e ) { LOGGER . warn ( ""AtlasConfig init failed"" , e ) ; throw e ; } }"
9534,40566,40566,atlas-sources,release-0.8.2-rc0,repository.src.test.org.apache.atlas.repositoryserviceloadingtest,repositoryserviceloadingtest,,0,8, public void testGetGraphService ( ) throws Exception { Assert . assertNotNull ( AtlasGraphProvider . getGraphInstance ( ) ) ; }
9535,40567,40567,atlas-sources,release-0.8.2-rc0,repository.src.test.org.apache.atlas.testmodules,softdeletemodule,,0,8, protected void bindTypeCache ( ) { bind ( TypeCache . class ) . to ( StoreBackedTypeCache . class ) . asEagerSingleton ( ) ; }
9536,40568,40568,atlas-sources,release-0.8.2-rc0,repository.src.test.org.apache.atlas.testmodules,storebackedtypecachetestmodule,,0,8, protected void bindTypeCache ( ) { bind ( TypeCache . class ) . to ( StoreBackedTypeCache . class ) . asEagerSingleton ( ) ; }
9537,40569,40569,atlas-sources,release-0.8.2-rc0,server-api.src.main.org.apache.atlas.requestcontext,requestcontext,,0,8, public static Metrics getMetrics ( ) { return get ( ) . metrics ; }
9538,40570,40570,atlas-sources,release-0.8.2-rc0,webapp.src.main.org.apache.atlas.localservletrequest,localservletrequest,,0,8," public DispatcherType getDispatcherType ( ) { throw new IllegalStateException ( ""Not supported"" ) ; }"
9539,40571,40571,atlas-sources,release-0.8.2-rc0,webapp.src.test.org.apache.atlas.credentialproviderutilityit,credentialproviderutilityit,,0,8," public void testOverwriteValues ( ) throws Exception { Path testPath = null ; try { testPath = new Path ( Files . createTempDirectory ( ""tempproviders"" ) . toString ( ) , ""test.jks"" ) ; } catch ( IOException e ) { e . printStackTrace ( ) ; } new File ( testPath . toUri ( ) . getPath ( ) ) . delete ( ) ; final Path finalTestPath = testPath ; CredentialProviderUtility . textDevice = new CredentialProviderUtility . TextDevice ( ) { @ Override public void printf ( String fmt , Object ... params ) { System . out . print ( String . format ( fmt , params ) ) ; } public String readLine ( String fmt , Object ... args ) { return JavaKeyStoreProvider . SCHEME_NAME + ""://file/"" + finalTestPath . toString ( ) ; } @ Override public char [ ] readPassword ( String fmt , Object ... args ) { return defaultPass ; } } ; CredentialProviderUtility . main ( new String [ ] { } ) ; CredentialProviderUtility . textDevice = new CredentialProviderUtility . TextDevice ( ) { int i = 0 ; @ Override public void printf ( String fmt , Object ... params ) { System . out . print ( String . format ( fmt , params ) ) ; } public String readLine ( String fmt , Object ... args ) { return i ++ == 0 ? JavaKeyStoreProvider . SCHEME_NAME + ""://file/"" + finalTestPath . toString ( ) : ""y"" ; } @ Override public char [ ] readPassword ( String fmt , Object ... args ) { return new char [ ] { 'n' , 'e' , 'w' , 'p' , 'a' , 's' , 's' } ; } } ; CredentialProviderUtility . main ( new String [ ] { } ) ; String providerUrl = JavaKeyStoreProvider . SCHEME_NAME + ""://file/"" + testPath . toUri ( ) ; Configuration conf = new Configuration ( false ) ; conf . set ( CredentialProviderFactory . CREDENTIAL_PROVIDER_PATH , providerUrl ) ; CredentialProvider provider = CredentialProviderFactory . getProviders ( conf ) . get ( 0 ) ; char [ ] newpass = ""newpass"" . toCharArray ( ) ; CredentialProvider . CredentialEntry entry = provider . getCredentialEntry ( SecurityProperties . KEYSTORE_PASSWORD_KEY ) ; assertCredentialEntryCorrect ( entry , newpass ) ; entry = provider . getCredentialEntry ( SecurityProperties . TRUSTSTORE_PASSWORD_KEY ) ; assertCredentialEntryCorrect ( entry , newpass ) ; entry = provider . getCredentialEntry ( SecurityProperties . SERVER_CERT_PASSWORD_KEY ) ; assertCredentialEntryCorrect ( entry , newpass ) ; }"
9540,40572,40572,atlas-sources,release-0.8.2-rc0,intg.src.main.org.apache.atlas.applicationproperties,applicationproperties,,0,8," public static InputStream getFileAsInputStream ( Configuration configuration , String propertyName , String defaultFileName ) throws AtlasException { File fileToLoad = null ; String fileName = configuration . getString ( propertyName ) ; if ( fileName == null ) { if ( defaultFileName == null ) { throw new AtlasException ( propertyName + "" property not set and no default value specified"" ) ; } fileName = defaultFileName ; String atlasConfDir = System . getProperty ( ATLAS_CONFIGURATION_DIRECTORY_PROPERTY ) ; if ( atlasConfDir != null ) { fileToLoad = new File ( atlasConfDir , fileName ) ; } else { fileToLoad = new File ( fileName ) ; } if ( LOG . isDebugEnabled ( ) ) { LOG . debug ( ""{} property not set - defaulting to {}"" , propertyName , fileToLoad . getPath ( ) ) ; } } else { fileToLoad = new File ( fileName ) ; if ( LOG . isDebugEnabled ( ) ) { LOG . debug ( ""Using {} property setting: {}"" , propertyName , fileToLoad . getPath ( ) ) ; } } InputStream inStr = null ; if ( fileToLoad . exists ( ) ) { try { inStr = new FileInputStream ( fileToLoad ) ; } catch ( FileNotFoundException e ) { throw new AtlasException ( ""Error loading file "" + fileName , e ) ; } if ( LOG . isDebugEnabled ( ) ) { LOG . debug ( ""Loaded file from : {}"" , fileToLoad . getPath ( ) ) ; } } else { inStr = Thread . currentThread ( ) . getContextClassLoader ( ) . getResourceAsStream ( fileName ) ; if ( inStr == null ) { String msg = fileName + "" not found in file system or as class loader resource"" ; LOG . error ( msg ) ; throw new AtlasException ( msg ) ; } if ( LOG . isDebugEnabled ( ) ) { LOG . debug ( ""Loaded {} as resource from : {}"" , fileName , Thread . currentThread ( ) . getContextClassLoader ( ) . getResource ( fileName ) . toString ( ) ) ; } } return inStr ; }"
9541,40573,40573,atlas-sources,release-0.8.2-rc0,intg.src.test.org.apache.atlas.applicationpropertiestest,applicationpropertiestest,,0,8," public void testGetFileAsInputStream ( ) throws Exception { Configuration props = ApplicationProperties . get ( ""test.properties"" ) ; InputStream inStr = null ; try { inStr = ApplicationProperties . getFileAsInputStream ( props , ""jaas.properties.file"" , null ) ; assertNotNull ( inStr ) ; } finally { if ( inStr != null ) { inStr . close ( ) ; } } props . setProperty ( ""jaas.properties.file"" , ""src/test/resources/atlas-jaas.properties"" ) ; try { inStr = ApplicationProperties . getFileAsInputStream ( props , ""jaas.properties.file"" , null ) ; assertNotNull ( inStr ) ; } finally { if ( inStr != null ) { inStr . close ( ) ; } } try { inStr = ApplicationProperties . getFileAsInputStream ( props , ""property.not.specified.in.config"" , ""atlas-jaas.properties"" ) ; assertNotNull ( inStr ) ; } finally { if ( inStr != null ) { inStr . close ( ) ; } } try { inStr = ApplicationProperties . getFileAsInputStream ( props , ""property.not.specified.in.config"" , ""src/test/resources/atlas-jaas.properties"" ) ; assertNotNull ( inStr ) ; } finally { if ( inStr != null ) { inStr . close ( ) ; } } String originalConfDirSetting = System . setProperty ( ApplicationProperties . ATLAS_CONFIGURATION_DIRECTORY_PROPERTY , ""src/test/resources"" ) ; try { inStr = ApplicationProperties . getFileAsInputStream ( props , ""property.not.specified.in.config"" , ""atlas-jaas.properties"" ) ; assertNotNull ( inStr ) ; } finally { if ( inStr != null ) { inStr . close ( ) ; } if ( originalConfDirSetting != null ) { System . setProperty ( ApplicationProperties . ATLAS_CONFIGURATION_DIRECTORY_PROPERTY , originalConfDirSetting ) ; } else { System . clearProperty ( ApplicationProperties . ATLAS_CONFIGURATION_DIRECTORY_PROPERTY ) ; } } try { inStr = ApplicationProperties . getFileAsInputStream ( props , ""property.not.specified.in.config"" , null ) ; fail ( ""Expected "" + AtlasException . class . getSimpleName ( ) + "" but none thrown"" ) ; } catch ( AtlasException e ) { } finally { if ( inStr != null ) { inStr . close ( ) ; } } props . setProperty ( ""jaas.properties.file"" , ""does_not_exist.txt"" ) ; try { inStr = ApplicationProperties . getFileAsInputStream ( props , ""jaas.properties.file"" , null ) ; fail ( ""Expected "" + AtlasException . class . getSimpleName ( ) + "" but none thrown"" ) ; } catch ( AtlasException e ) { } finally { if ( inStr != null ) { inStr . close ( ) ; } } }"
9542,40574,40574,atlas-sources,release-0.8.2-rc0,intg.src.test.org.apache.atlas.security.inmemoryjaasconfigurationticketbasedkafkaclienttest,inmemoryjaasconfigurationticketbasedkafkaclienttest,,0,8," public void testGetAppConfigurationEntryStringForticketBasedKafkaClient ( ) { AppConfigurationEntry [ ] entries = Configuration . getConfiguration ( ) . getAppConfigurationEntry ( ""KafkaClient"" ) ; Assert . assertNotNull ( entries ) ; Assert . assertEquals ( ( String ) entries [ 0 ] . getOptions ( ) . get ( ""useTicketCache"" ) , ""true"" ) ; }"
9543,40575,40575,atlas-sources,release-0.8.2-rc0,repository.src.test.org.apache.atlas.utils.hivemodel,db,,0,8, protected List < ClassInstance > getAllInstances ( ) { List < ClassInstance > result = new ArrayList ( colDefs . size ( ) + 2 ) ; result . add ( sd ) ; result . addAll ( colDefs ) ; result . add ( this ) ; return result ; }
9544,40576,40576,atlas-sources,release-0.8.2-rc0,repository.src.test.org.apache.atlas.utils.hivemodel,column,,0,8, protected List < ClassInstance > getAllInstances ( ) { List < ClassInstance > result = new ArrayList ( colDefs . size ( ) + 2 ) ; result . add ( sd ) ; result . addAll ( colDefs ) ; result . add ( this ) ; return result ; }
9545,40577,40577,atlas-sources,release-0.8.2-rc0,common.src.main.org.apache.atlas.groovy.comparisonoperatorexpression,comparisonoperatorexpression,,0,8," public GroovyExpression copy ( List < GroovyExpression > newChildren ) { assert newChildren . size ( ) == 2 ; return new ComparisonOperatorExpression ( newChildren . get ( 0 ) , newChildren . get ( 1 ) ) ; }"
9546,40578,40578,atlas-sources,release-0.8.2-rc0,common.src.main.org.apache.atlas.groovy.groovyexpression,groovyexpression,,0,8, TraversalStepType getType ( ) ;
9547,40582,40582,atlas-sources,release-0.8.2-rc0,repository.src.main.org.apache.atlas.repository.repositoryconfiguration,repositoryconfiguration,,0,8, public TypeSystem getTypeSystem ( ) { return TypeSystem . getInstance ( ) ; }
9548,40583,40583,atlas-sources,release-0.8.2-rc0,repository.src.test.org.apache.atlas.repository.basetest,basetest,,0,8, public void setup ( ) throws Exception { TypeSystem ts = TypeSystem . getInstance ( ) ; ts . reset ( ) ; }
9549,40584,40584,atlas-sources,release-0.8.2-rc0,graphdb.api.src.main.org.apache.atlas.repository.graphdb.atlasgraph,atlasgraph,,0,8, boolean isMultiProperty ( String name ) ;
9550,40585,40585,atlas-sources,release-0.8.2-rc0,graphdb.api.src.main.org.apache.atlas.repository.graphdb.atlasvertexquery,atlasvertexquery,,0,8, long count ( ) ;
9551,40586,40586,atlas-sources,release-0.8.2-rc0,graphdb.common.src.main.org.apache.atlas.repository.graphdb.utils.iteratortoiterableadapter,iteratortoiterableadapter,,0,8, public Iterator < T > iterator ( ) { return wrapped ; }
9552,40587,40587,atlas-sources,release-0.8.2-rc0,graphdb.titan0.src.main.com.thinkaurelius.titan.diskstorage.hbase.hbasekeycolumnvaluestore,hbasekeycolumnvaluestore,,0,8," public Object getMetaData ( Map . Entry < byte [ ] , NavigableMap < Long , byte [ ] > > element , EntryMetaData meta ) { switch ( meta ) { case TIMESTAMP : return element . getValue ( ) . lastEntry ( ) . getKey ( ) ; default : throw new UnsupportedOperationException ( ""Unsupported meta data: "" + meta ) ; } }"
9553,40588,40588,atlas-sources,release-0.8.2-rc0,graphdb.titan0.src.main.com.thinkaurelius.titan.diskstorage.hbase.hbasestoremanager,backendfunction,,0,8, T apply ( F input ) throws BackendException ;
9554,40589,40589,atlas-sources,release-0.8.2-rc0,graphdb.titan0.src.main.com.thinkaurelius.titan.diskstorage.locking.locallockmediator,lockcleaner,,0,8, public KeyColumn getKeyColumn ( ) { return kc ; }
9555,40590,40590,atlas-sources,release-0.8.2-rc0,graphdb.titan0.src.main.com.thinkaurelius.titan.diskstorage.solr.solr5index,solr5index,,0,8," static String convertToWktString ( Geoshape fieldValue ) throws BackendException { if ( fieldValue . getType ( ) == Geoshape . Type . POINT ) { Geoshape . Point point = fieldValue . getPoint ( ) ; return ""POINT("" + point . getLongitude ( ) + "" "" + point . getLatitude ( ) + "")"" ; } else { throw new PermanentBackendException ( ""Cannot index "" + fieldValue . getType ( ) ) ; } }"
9556,40591,40591,atlas-sources,release-0.8.2-rc0,graphdb.titan0.src.main.com.thinkaurelius.titan.graphdb.query.graph.graphcentricquerybuilder,graphcentricquerybuilder,,0,8," private static final boolean coversAll ( final MixedIndexType index , Condition < TitanElement > condition , IndexSerializer indexInfo ) { if ( condition . getType ( ) == Condition . Type . LITERAL ) { if ( ! ( condition instanceof PredicateCondition ) ) return false ; PredicateCondition < RelationType , TitanElement > atom = ( PredicateCondition ) condition ; if ( atom . getValue ( ) == null ) return false ; Preconditions . checkArgument ( atom . getKey ( ) . isPropertyKey ( ) ) ; PropertyKey key = ( PropertyKey ) atom . getKey ( ) ; ParameterIndexField [ ] fields = index . getFieldKeys ( ) ; ParameterIndexField match = null ; for ( ParameterIndexField field : fields ) { if ( field . getStatus ( ) != SchemaStatus . ENABLED ) continue ; if ( field . getFieldKey ( ) . equals ( key ) ) match = field ; } if ( match == null ) return false ; return indexInfo . supports ( index , match , atom . getPredicate ( ) ) ; } else { for ( Condition < TitanElement > child : condition . getChildren ( ) ) { if ( ! coversAll ( index , child , indexInfo ) ) return false ; } return true ; } }"
9557,40592,40592,atlas-sources,release-0.8.2-rc0,graphdb.titan0.src.main.org.apache.atlas.repository.graphdb.titan0.titan0graph,titan0graph,,0,8, public void addMultiProperties ( Set < String > names ) { multiProperties . addAll ( names ) ; }
9558,40593,40593,atlas-sources,release-0.8.2-rc0,graphdb.titan1.src.main.org.apache.atlas.repository.graphdb.titan1.titan1graph,titan1graph,,0,8, public void addMultiProperties ( Set < String > names ) { multiProperties . addAll ( names ) ; }
9559,40595,40595,atlas-sources,release-0.8.2-rc0,notification.src.main.org.apache.atlas.kafka.notificationprovider,notificationprovider,,0,8, public static KafkaNotification get ( ) { if ( kafka == null ) { try { Configuration applicationProperties = ApplicationProperties . get ( ) ; kafka = new KafkaNotification ( applicationProperties ) ; } catch ( AtlasException e ) { throw new RuntimeException ( e ) ; } } return kafka ; }
9560,40596,40596,atlas-sources,release-0.8.2-rc0,notification.src.main.org.apache.atlas.notification.notificationexception,notificationexception,,0,8, public List < String > getFailedMessages ( ) { return failedMessages ; }
9561,40597,40597,atlas-sources,release-0.8.2-rc0,notification.src.main.org.apache.atlas.notification.abstractnotificationconsumer,abstractnotificationconsumer,,0,8," public abstract void commit ( TopicPartition partition , long offset ) ;"
9562,40598,40598,atlas-sources,release-0.8.2-rc0,notification.src.main.org.apache.atlas.notification.abstractmessagedeserializer,abstractmessagedeserializer,,0,8," public AtlasObjectId deserialize ( final JsonElement json , final Type type , final JsonDeserializationContext context ) throws JsonParseException { try { return mapper . readValue ( json . toString ( ) , AtlasObjectId . class ) ; } catch ( IOException excp ) { throw new JsonParseException ( excp ) ; } }"
9563,40599,40599,atlas-sources,release-0.8.2-rc0,notification.src.main.org.apache.atlas.notification.abstractmessagedeserializer,referenceabledeserializer,,0,8," public AtlasObjectId deserialize ( final JsonElement json , final Type type , final JsonDeserializationContext context ) throws JsonParseException { try { return mapper . readValue ( json . toString ( ) , AtlasObjectId . class ) ; } catch ( IOException excp ) { throw new JsonParseException ( excp ) ; } }"
9564,40600,40600,atlas-sources,release-0.8.2-rc0,notification.src.main.org.apache.atlas.notification.abstractmessagedeserializer,atlasentitywithextinfodeserializer,,0,8," public AtlasObjectId deserialize ( final JsonElement json , final Type type , final JsonDeserializationContext context ) throws JsonParseException { try { return mapper . readValue ( json . toString ( ) , AtlasObjectId . class ) ; } catch ( IOException excp ) { throw new JsonParseException ( excp ) ; } }"
9565,40601,40601,atlas-sources,release-0.8.2-rc0,notification.src.main.org.apache.atlas.notification.abstractmessagedeserializer,atlasentitieswithextinfodeserializer,,0,8," public AtlasObjectId deserialize ( final JsonElement json , final Type type , final JsonDeserializationContext context ) throws JsonParseException { try { return mapper . readValue ( json . toString ( ) , AtlasObjectId . class ) ; } catch ( IOException excp ) { throw new JsonParseException ( excp ) ; } }"
9566,40602,40602,atlas-sources,release-0.8.2-rc0,notification.src.main.org.apache.atlas.notification.abstractnotification,abstractnotification,,0,8," private static String getNextMessageId ( ) { String nextMsgIdPrefix = msgIdPrefix ; int nextMsgIdSuffix = msgIdSuffix . getAndIncrement ( ) ; if ( nextMsgIdSuffix == Short . MAX_VALUE ) { msgIdPrefix = UUID . randomUUID ( ) . toString ( ) ; msgIdSuffix = new AtomicInteger ( 0 ) ; } return nextMsgIdPrefix + ""_"" + Integer . toString ( nextMsgIdSuffix ) ; }"
9567,40603,40603,atlas-sources,release-0.8.2-rc0,notification.src.main.org.apache.atlas.notification.abstractnotification,referenceableserializer,,0,8," private static String getNextMessageId ( ) { String nextMsgIdPrefix = msgIdPrefix ; int nextMsgIdSuffix = msgIdSuffix . getAndIncrement ( ) ; if ( nextMsgIdSuffix == Short . MAX_VALUE ) { msgIdPrefix = UUID . randomUUID ( ) . toString ( ) ; msgIdSuffix = new AtomicInteger ( 0 ) ; } return nextMsgIdPrefix + ""_"" + Integer . toString ( nextMsgIdSuffix ) ; }"
9568,40604,40604,atlas-sources,release-0.8.2-rc0,notification.src.main.org.apache.atlas.notification.abstractnotification,structserializer,,0,8," private static String getNextMessageId ( ) { String nextMsgIdPrefix = msgIdPrefix ; int nextMsgIdSuffix = msgIdSuffix . getAndIncrement ( ) ; if ( nextMsgIdSuffix == Short . MAX_VALUE ) { msgIdPrefix = UUID . randomUUID ( ) . toString ( ) ; msgIdSuffix = new AtomicInteger ( 0 ) ; } return nextMsgIdPrefix + ""_"" + Integer . toString ( nextMsgIdSuffix ) ; }"
9569,40605,40605,atlas-sources,release-0.8.2-rc0,notification.src.main.org.apache.atlas.notification.abstractnotification,atlasentitywithextinfoserializer,,0,8," private static String getNextMessageId ( ) { String nextMsgIdPrefix = msgIdPrefix ; int nextMsgIdSuffix = msgIdSuffix . getAndIncrement ( ) ; if ( nextMsgIdSuffix == Short . MAX_VALUE ) { msgIdPrefix = UUID . randomUUID ( ) . toString ( ) ; msgIdSuffix = new AtomicInteger ( 0 ) ; } return nextMsgIdPrefix + ""_"" + Integer . toString ( nextMsgIdSuffix ) ; }"
9570,40606,40606,atlas-sources,release-0.8.2-rc0,notification.src.main.org.apache.atlas.notification.abstractnotification,atlasobjectidserializer,,0,8," private static String getNextMessageId ( ) { String nextMsgIdPrefix = msgIdPrefix ; int nextMsgIdSuffix = msgIdSuffix . getAndIncrement ( ) ; if ( nextMsgIdSuffix == Short . MAX_VALUE ) { msgIdPrefix = UUID . randomUUID ( ) . toString ( ) ; msgIdSuffix = new AtomicInteger ( 0 ) ; } return nextMsgIdPrefix + ""_"" + Integer . toString ( nextMsgIdSuffix ) ; }"
9571,40607,40607,atlas-sources,release-0.8.2-rc0,notification.src.main.org.apache.atlas.notification.atlasnotificationmessage,atlasnotificationmessage,,0,8, public T getMessage ( ) { return message ; }
9572,40608,40608,atlas-sources,release-0.8.2-rc0,webapp.src.main.org.apache.atlas.notification.notificationhookconsumer,notificationhookconsumer,,0,8," private void audit ( String messageUser , String method , String path ) { if ( LOG . isDebugEnabled ( ) ) { LOG . debug ( ""==> audit({},{}, {})"" , messageUser , method , path ) ; } AuditFilter . audit ( messageUser , THREADNAME_PREFIX , method , LOCALHOST , path , LOCALHOST , DateTimeHelper . formatDateUTC ( new Date ( ) ) ) ; }"
9573,40609,40609,atlas-sources,release-0.8.2-rc0,notification.src.main.org.apache.atlas.notification.hook.hooknotification,hooknotification,,0,8, public String toString ( ) { return entities . toString ( ) ; }
9574,40610,40610,atlas-sources,release-0.8.2-rc0,notification.src.main.org.apache.atlas.notification.hook.hooknotification,entitycreaterequestv2,,0,8, public String toString ( ) { return entities . toString ( ) ; }
9575,40611,40611,atlas-sources,release-0.8.2-rc0,notification.src.main.org.apache.atlas.notification.hook.hooknotification,entityupdaterequestv2,,0,8, public String toString ( ) { return entities . toString ( ) ; }
9576,40612,40612,atlas-sources,release-0.8.2-rc0,notification.src.main.org.apache.atlas.notification.hook.hooknotification,entitydeleterequestv2,,0,8, public String toString ( ) { return entities . toString ( ) ; }
9577,40613,40613,atlas-sources,release-0.8.2-rc0,repository.src.main.org.apache.atlas.discovery.datasetlineageservice,datasetlineageservice,,0,8," private String validateDatasetExists ( String guid ) throws AtlasException { for ( AtlasVertex vertex : ( Iterable < AtlasVertex > ) graph . query ( ) . has ( Constants . GUID_PROPERTY_KEY , guid ) . has ( Constants . SUPER_TYPES_PROPERTY_KEY , AtlasClient . DATA_SET_SUPER_TYPE ) . vertices ( ) ) { return GraphHelper . getTypeName ( vertex ) ; } throw new EntityNotFoundException ( ""Dataset with guid = "" + guid + "" does not exist"" ) ; }"
9578,40614,40614,atlas-sources,release-0.8.2-rc0,repository.src.main.org.apache.atlas.discovery.fulltextsearchprocessor,fulltextsearchprocessor,,1,8," public List < AtlasVertex > execute ( ) { if ( LOG . isDebugEnabled ( ) ) { LOG . debug ( ""==> FullTextSearchProcessor.execute({})"" , context ) ; } List < AtlasVertex > ret = new ArrayList < > ( ) ; AtlasPerfTracer perf = null ; if ( AtlasPerfTracer . isPerfTraceEnabled ( PERF_LOG ) ) { perf = AtlasPerfTracer . getPerfTracer ( PERF_LOG , ""FullTextSearchProcessor.execute("" + context + "")"" ) ; } try { final int startIdx = context . getSearchParameters ( ) . getOffset ( ) ; final int limit = context . getSearchParameters ( ) . getLimit ( ) ; final boolean activeOnly = context . getSearchParameters ( ) . getExcludeDeletedEntities ( ) ; int qryOffset = 0 ; int resultIdx = qryOffset ; final List < AtlasVertex > entityVertices = new ArrayList < > ( ) ; for ( ; ret . size ( ) < limit ; qryOffset += limit ) { entityVertices . clear ( ) ; if ( context . terminateSearch ( ) ) { LOG . warn ( ""query terminated: {}"" , context . getSearchParameters ( ) ) ; break ; } Iterator < AtlasIndexQuery . Result > idxQueryResult = indexQuery . vertices ( qryOffset , limit ) ; if ( ! idxQueryResult . hasNext ( ) ) { break ; } while ( idxQueryResult . hasNext ( ) ) { AtlasVertex vertex = idxQueryResult . next ( ) . getVertex ( ) ; if ( ! AtlasGraphUtilsV1 . isEntityVertex ( vertex ) ) { if ( LOG . isDebugEnabled ( ) ) { LOG . debug ( ""FullTextSearchProcessor.execute(): ignoring non-entity vertex (id={})"" , vertex . getId ( ) ) ; } continue ; } if ( activeOnly && AtlasGraphUtilsV1 . getState ( vertex ) != AtlasEntity . Status . ACTIVE ) { continue ; } entityVertices . add ( vertex ) ; } super . filter ( entityVertices ) ; resultIdx = collectResultVertices ( ret , startIdx , limit , resultIdx , entityVertices ) ; } } finally { AtlasPerfTracer . log ( perf ) ; } if ( LOG . isDebugEnabled ( ) ) { LOG . debug ( ""<== FullTextSearchProcessor.execute({}): ret.size()={}"" , context , ret . size ( ) ) ; } return ret ; }"
9579,40615,40615,atlas-sources,release-0.8.2-rc0,repository.src.main.org.apache.atlas.discovery.graph.defaultgraphpersistencestrategy,defaultgraphpersistencestrategy,,0,8, public AtlasGraph getGraph ( ) throws RepositoryException { return metadataRepository . getGraph ( ) ; }
9580,40616,40616,atlas-sources,release-0.8.2-rc0,repository.src.test.org.apache.atlas.repository.audit.inmemoryauditrepositorytest,inmemoryauditrepositorytest,,0,8, public void setup ( ) { eventRepository = new InMemoryEntityAuditRepository ( ) ; }
9581,40617,40617,atlas-sources,release-0.8.2-rc0,repository.src.main.org.apache.atlas.repository.graph.atlasedgelabel,atlasedgelabel,,0,8," public String toString ( ) { StringBuilder sb = new StringBuilder ( ) ; sb . append ( '(' ) . append ( ""typeName: "" ) . append ( typeName_ ) ; sb . append ( "", attributeName: "" ) . append ( attributeName_ ) ; if ( mapKey_ != null ) { sb . append ( "", mapKey: "" ) . append ( mapKey_ ) ; sb . append ( "", qualifiedMapKey: "" ) . append ( qualifiedMapKey_ ) ; } sb . append ( "", edgeLabel: "" ) . append ( edgeLabel_ ) . append ( ')' ) ; return sb . toString ( ) ; }"
9582,40618,40618,atlas-sources,release-0.8.2-rc0,repository.src.main.org.apache.atlas.repository.graph.harddeletehandler,harddeletehandler,,0,8," protected void deleteEdge ( AtlasEdge edge , boolean force ) throws AtlasException { graphHelper . removeEdge ( edge ) ; }"
9583,40619,40619,atlas-sources,release-0.8.2-rc0,repository.src.test.org.apache.atlas.repository.graph.abstractgremlinqueryoptimizertest,abstractgremlinqueryoptimizertest,,0,8, public AtlasGraph get ( ) throws RepositoryException { AtlasGraph graph = mock ( AtlasGraph . class ) ; when ( graph . getSupportedGremlinVersion ( ) ) . thenReturn ( GremlinVersion . THREE ) ; when ( graph . isPropertyValueConversionNeeded ( any ( IDataType . class ) ) ) . thenReturn ( false ) ; return graph ; }
9584,40620,40620,atlas-sources,release-0.8.2-rc0,repository.src.test.org.apache.atlas.repository.graph.reversereferenceupdateharddeletetest,reversereferenceupdateharddeletetest,,0,8," void assertTestOneToManyReference ( Object object , ITypedReferenceableInstance referencingInstance ) { Assert . assertTrue ( object instanceof List ) ; List < ITypedReferenceableInstance > refValues = ( List < ITypedReferenceableInstance > ) object ; Assert . assertEquals ( refValues . size ( ) , 1 ) ; }"
9585,40621,40621,atlas-sources,release-0.8.2-rc0,repository.src.test.org.apache.atlas.repository.graph.testintsequence,testintsequence,,0,8, public int next ( ) { return 0 ; }
9586,40622,40622,atlas-sources,release-0.8.2-rc0,repository.src.main.org.apache.atlas.repository.memory.attributestores,objectattributestore,,0,8," protected void load ( StructInstance instance , int colPos , Object val ) { instance . maps [ colPos ] = ( ImmutableMap ) val ; }"
9587,40623,40623,atlas-sources,release-0.8.2-rc0,repository.src.main.org.apache.atlas.repository.memory.attributestores,bigintstore,,0,8," protected void load ( StructInstance instance , int colPos , Object val ) { instance . maps [ colPos ] = ( ImmutableMap ) val ; }"
9588,40624,40624,atlas-sources,release-0.8.2-rc0,repository.src.main.org.apache.atlas.repository.memory.attributestores,bigdecimalstore,,0,8," protected void load ( StructInstance instance , int colPos , Object val ) { instance . maps [ colPos ] = ( ImmutableMap ) val ; }"
9589,40625,40625,atlas-sources,release-0.8.2-rc0,repository.src.main.org.apache.atlas.repository.memory.attributestores,datestore,,0,8," protected void load ( StructInstance instance , int colPos , Object val ) { instance . maps [ colPos ] = ( ImmutableMap ) val ; }"
9590,40626,40626,atlas-sources,release-0.8.2-rc0,repository.src.main.org.apache.atlas.repository.memory.attributestores,stringstore,,0,8," protected void load ( StructInstance instance , int colPos , Object val ) { instance . maps [ colPos ] = ( ImmutableMap ) val ; }"
9591,40627,40627,atlas-sources,release-0.8.2-rc0,repository.src.main.org.apache.atlas.repository.memory.attributestores,idstore,,0,8," protected void load ( StructInstance instance , int colPos , Object val ) { instance . maps [ colPos ] = ( ImmutableMap ) val ; }"
9592,40628,40628,atlas-sources,release-0.8.2-rc0,repository.src.main.org.apache.atlas.repository.memory.attributestores,immutableliststore,,0,8," protected void load ( StructInstance instance , int colPos , Object val ) { instance . maps [ colPos ] = ( ImmutableMap ) val ; }"
9593,40629,40629,atlas-sources,release-0.8.2-rc0,repository.src.main.org.apache.atlas.repository.memory.attributestores,immutablemapstore,,0,8," protected void load ( StructInstance instance , int colPos , Object val ) { instance . maps [ colPos ] = ( ImmutableMap ) val ; }"
9594,40630,40630,atlas-sources,release-0.8.2-rc0,repository.src.main.org.apache.atlas.repository.memory.hierarchicaltypestore,hierarchicaltypestore,,0,8," public void ensureCapacity ( int pos ) throws RepositoryException { while ( typeNameList . size ( ) < pos + 1 ) { typeNameList . add ( null ) ; } for ( Map . Entry < AttributeInfo , IAttributeStore > e : attrStores . entrySet ( ) ) { IAttributeStore attributeStore = e . getValue ( ) ; attributeStore . ensureCapacity ( pos ) ; } }"
9595,40631,40631,atlas-sources,release-0.8.2-rc0,repository.src.main.org.apache.atlas.repository.converters.atlasabstractformatconverter,atlasabstractformatconverter,,0,8, public TypeCategory getTypeCategory ( ) { return typeCategory ; }
9596,40632,40632,atlas-sources,release-0.8.2-rc0,repository.src.main.org.apache.atlas.repository.converters.atlasenumformatconverter,atlasenumformatconverter,,0,8," public Object fromV2ToV1 ( Object v2Obj , AtlasType type , ConverterContext ctx ) throws AtlasBaseException { EnumValue ret = null ; if ( v2Obj == null || ! ( type instanceof AtlasEnumType ) ) { return ret ; } AtlasEnumType enumType = ( AtlasEnumType ) type ; AtlasEnumElementDef elementDef = enumType . getEnumElementDef ( v2Obj . toString ( ) ) ; if ( elementDef != null ) { ret = new EnumValue ( elementDef . getValue ( ) , elementDef . getOrdinal ( ) ) ; } return ret ; }"
9597,40633,40633,atlas-sources,release-0.8.2-rc0,repository.src.main.org.apache.atlas.repository.converters.atlasprimitiveformatconverter,atlasprimitiveformatconverter,,0,8," public Object fromV2ToV1 ( Object v2Obj , AtlasType type , ConverterContext ctx ) throws AtlasBaseException { return type . getNormalizedValue ( v2Obj ) ; }"
9598,40634,40634,atlas-sources,release-0.8.2-rc0,repository.src.main.org.apache.atlas.repository.store.bootstrap.atlastypedefstoreinitializer,addattributepatchhandler,,1,8," public void applyPatch ( TypeDefPatch patch ) throws AtlasBaseException { String typeName = patch . getTypeName ( ) ; AtlasBaseTypeDef typeDef = typeRegistry . getTypeDefByName ( typeName ) ; if ( typeDef == null ) { throw new AtlasBaseException ( AtlasErrorCode . PATCH_FOR_UNKNOWN_TYPE , patch . getAction ( ) , typeName ) ; } if ( MapUtils . isEmpty ( patch . getTypeDefOptions ( ) ) ) { throw new AtlasBaseException ( AtlasErrorCode . PATCH_INVALID_DATA , patch . getAction ( ) , typeName ) ; } if ( isPatchApplicable ( patch , typeDef ) ) { if ( typeDef . getClass ( ) . equals ( AtlasEntityDef . class ) ) { AtlasEntityDef updatedDef = new AtlasEntityDef ( ( AtlasEntityDef ) typeDef ) ; if ( updatedDef . getOptions ( ) == null ) { updatedDef . setOptions ( patch . getTypeDefOptions ( ) ) ; } else { updatedDef . getOptions ( ) . putAll ( patch . getTypeDefOptions ( ) ) ; } updatedDef . setTypeVersion ( patch . getUpdateToVersion ( ) ) ; typeDefStore . updateEntityDefByName ( typeName , updatedDef ) ; } else if ( typeDef . getClass ( ) . equals ( AtlasClassificationDef . class ) ) { AtlasClassificationDef updatedDef = new AtlasClassificationDef ( ( AtlasClassificationDef ) typeDef ) ; if ( updatedDef . getOptions ( ) == null ) { updatedDef . setOptions ( patch . getTypeDefOptions ( ) ) ; } else { updatedDef . getOptions ( ) . putAll ( patch . getTypeDefOptions ( ) ) ; } updatedDef . setTypeVersion ( patch . getUpdateToVersion ( ) ) ; typeDefStore . updateClassificationDefByName ( typeName , updatedDef ) ; } else if ( typeDef . getClass ( ) . equals ( AtlasStructDef . class ) ) { AtlasStructDef updatedDef = new AtlasStructDef ( ( AtlasStructDef ) typeDef ) ; if ( updatedDef . getOptions ( ) == null ) { updatedDef . setOptions ( patch . getTypeDefOptions ( ) ) ; } else { updatedDef . getOptions ( ) . putAll ( patch . getTypeDefOptions ( ) ) ; } updatedDef . setTypeVersion ( patch . getUpdateToVersion ( ) ) ; typeDefStore . updateStructDefByName ( typeName , updatedDef ) ; } else if ( typeDef . getClass ( ) . equals ( AtlasEnumDef . class ) ) { AtlasEnumDef updatedDef = new AtlasEnumDef ( ( AtlasEnumDef ) typeDef ) ; if ( updatedDef . getOptions ( ) == null ) { updatedDef . setOptions ( patch . getTypeDefOptions ( ) ) ; } else { updatedDef . getOptions ( ) . putAll ( patch . getTypeDefOptions ( ) ) ; } updatedDef . setTypeVersion ( patch . getUpdateToVersion ( ) ) ; typeDefStore . updateEnumDefByName ( typeName , updatedDef ) ; } else { throw new AtlasBaseException ( AtlasErrorCode . PATCH_NOT_APPLICABLE_FOR_TYPE , patch . getAction ( ) , typeDef . getClass ( ) . getSimpleName ( ) ) ; } } else { LOG . info ( ""patch skipped: typeName={}; applyToVersion={}; updateToVersion={}"" , patch . getTypeName ( ) , patch . getApplyToVersion ( ) , patch . getUpdateToVersion ( ) ) ; } }"
9599,40635,40635,atlas-sources,release-0.8.2-rc0,repository.src.main.org.apache.atlas.repository.store.bootstrap.atlastypedefstoreinitializer,updatetypedefoptionspatchhandler,,1,8," public void applyPatch ( TypeDefPatch patch ) throws AtlasBaseException { String typeName = patch . getTypeName ( ) ; AtlasBaseTypeDef typeDef = typeRegistry . getTypeDefByName ( typeName ) ; if ( typeDef == null ) { throw new AtlasBaseException ( AtlasErrorCode . PATCH_FOR_UNKNOWN_TYPE , patch . getAction ( ) , typeName ) ; } if ( MapUtils . isEmpty ( patch . getTypeDefOptions ( ) ) ) { throw new AtlasBaseException ( AtlasErrorCode . PATCH_INVALID_DATA , patch . getAction ( ) , typeName ) ; } if ( isPatchApplicable ( patch , typeDef ) ) { if ( typeDef . getClass ( ) . equals ( AtlasEntityDef . class ) ) { AtlasEntityDef updatedDef = new AtlasEntityDef ( ( AtlasEntityDef ) typeDef ) ; if ( updatedDef . getOptions ( ) == null ) { updatedDef . setOptions ( patch . getTypeDefOptions ( ) ) ; } else { updatedDef . getOptions ( ) . putAll ( patch . getTypeDefOptions ( ) ) ; } updatedDef . setTypeVersion ( patch . getUpdateToVersion ( ) ) ; typeDefStore . updateEntityDefByName ( typeName , updatedDef ) ; } else if ( typeDef . getClass ( ) . equals ( AtlasClassificationDef . class ) ) { AtlasClassificationDef updatedDef = new AtlasClassificationDef ( ( AtlasClassificationDef ) typeDef ) ; if ( updatedDef . getOptions ( ) == null ) { updatedDef . setOptions ( patch . getTypeDefOptions ( ) ) ; } else { updatedDef . getOptions ( ) . putAll ( patch . getTypeDefOptions ( ) ) ; } updatedDef . setTypeVersion ( patch . getUpdateToVersion ( ) ) ; typeDefStore . updateClassificationDefByName ( typeName , updatedDef ) ; } else if ( typeDef . getClass ( ) . equals ( AtlasStructDef . class ) ) { AtlasStructDef updatedDef = new AtlasStructDef ( ( AtlasStructDef ) typeDef ) ; if ( updatedDef . getOptions ( ) == null ) { updatedDef . setOptions ( patch . getTypeDefOptions ( ) ) ; } else { updatedDef . getOptions ( ) . putAll ( patch . getTypeDefOptions ( ) ) ; } updatedDef . setTypeVersion ( patch . getUpdateToVersion ( ) ) ; typeDefStore . updateStructDefByName ( typeName , updatedDef ) ; } else if ( typeDef . getClass ( ) . equals ( AtlasEnumDef . class ) ) { AtlasEnumDef updatedDef = new AtlasEnumDef ( ( AtlasEnumDef ) typeDef ) ; if ( updatedDef . getOptions ( ) == null ) { updatedDef . setOptions ( patch . getTypeDefOptions ( ) ) ; } else { updatedDef . getOptions ( ) . putAll ( patch . getTypeDefOptions ( ) ) ; } updatedDef . setTypeVersion ( patch . getUpdateToVersion ( ) ) ; typeDefStore . updateEnumDefByName ( typeName , updatedDef ) ; } else { throw new AtlasBaseException ( AtlasErrorCode . PATCH_NOT_APPLICABLE_FOR_TYPE , patch . getAction ( ) , typeDef . getClass ( ) . getSimpleName ( ) ) ; } } else { LOG . info ( ""patch skipped: typeName={}; applyToVersion={}; updateToVersion={}"" , patch . getTypeName ( ) , patch . getApplyToVersion ( ) , patch . getUpdateToVersion ( ) ) ; } }"
9600,40636,40636,atlas-sources,release-0.8.2-rc0,repository.src.main.org.apache.atlas.repository.store.graph.v1.instancegraphmapper,instancegraphmapper,,0,8," T toGraph ( AttributeMutationContext ctx , EntityMutationContext context ) throws AtlasBaseException ;"
9601,40637,40637,atlas-sources,release-0.8.2-rc0,repository.src.main.org.apache.atlas.repository.store.graph.v1.harddeletehandlerv1,harddeletehandlerv1,,0,8," protected void deleteEdge ( AtlasEdge edge , boolean force ) throws AtlasBaseException { graphHelper . removeEdge ( edge ) ; }"
9602,40638,40638,atlas-sources,release-0.8.2-rc0,repository.src.main.org.apache.atlas.repository.store.graph.v1.idbasedentityresolver,idbasedentityresolver,,1,8," public EntityGraphDiscoveryContext resolveEntityReferences ( EntityGraphDiscoveryContext context ) throws AtlasBaseException { if ( context == null ) { throw new AtlasBaseException ( AtlasErrorCode . INTERNAL_ERROR , ""IDBasedEntityResolver.resolveEntityReferences(): context is null"" ) ; } EntityStream entityStream = context . getEntityStream ( ) ; for ( String guid : context . getReferencedGuids ( ) ) { boolean isAssignedGuid = AtlasTypeUtil . isAssignedGuid ( guid ) ; AtlasVertex vertex = isAssignedGuid ? AtlasGraphUtilsV1 . findByGuid ( guid ) : null ; if ( vertex == null && ! ( entityStream instanceof EntityImportStream ) ) { AtlasEntity entity = entityStream . getByGuid ( guid ) ; if ( entity != null ) { AtlasEntityType entityType = typeRegistry . getEntityTypeByName ( entity . getTypeName ( ) ) ; if ( entityType == null ) { throw new AtlasBaseException ( AtlasErrorCode . TYPE_NAME_INVALID , TypeCategory . ENTITY . name ( ) , entity . getTypeName ( ) ) ; } vertex = AtlasGraphUtilsV1 . findByUniqueAttributes ( entityType , entity . getAttributes ( ) ) ; } else if ( ! isAssignedGuid ) { throw new AtlasBaseException ( AtlasErrorCode . REFERENCED_ENTITY_NOT_FOUND , guid ) ; } } if ( vertex != null ) { context . addResolvedGuid ( guid , vertex ) ; } else { if ( isAssignedGuid && ! ( entityStream instanceof EntityImportStream ) ) { throw new AtlasBaseException ( AtlasErrorCode . REFERENCED_ENTITY_NOT_FOUND , guid ) ; } else { context . addLocalGuidReference ( guid ) ; } } } return context ; }"
9603,40639,40639,atlas-sources,release-0.8.2-rc0,repository.src.main.org.apache.atlas.repository.ogm.abstractdatatransferobject,abstractdatatransferobject,,0,8," public void setGuid ( T o , AtlasEntity entity ) { o . setGuid ( entity . getGuid ( ) ) ; }"
9604,40640,40640,atlas-sources,release-0.8.2-rc0,server-api.src.main.org.apache.atlas.services.metadataservice,metadataservice,,0,8," ITypedReferenceableInstance validateAndConvertToTypedInstance ( IReferenceableInstance updatedEntity , String typeName ) throws AtlasException ;"
9605,40641,40641,atlas-sources,release-0.8.2-rc0,repository.src.main.org.apache.atlas.gremlin.optimizer.isor,isor,,0,8," public Boolean apply ( GroovyExpression expr ) { if ( ! ( expr instanceof FunctionCallExpression ) ) { return false ; } if ( expr . getType ( ) != TraversalStepType . FILTER ) { return false ; } FunctionCallExpression functionCall = ( FunctionCallExpression ) expr ; return functionCall . getFunctionName ( ) . equals ( ""or"" ) ; }"
9606,40642,40642,atlas-sources,release-0.8.2-rc0,repository.src.main.org.apache.atlas.gremlin.gremlin3expressionfactory,gremlin3expressionfactory,,0,8, public boolean isRepeatExpression ( GroovyExpression expr ) { if ( ! ( expr instanceof FunctionCallExpression ) ) { return false ; } return ( ( FunctionCallExpression ) expr ) . getFunctionName ( ) . equals ( REPEAT_METHOD ) ; }
9607,40643,40643,atlas-sources,release-0.8.2-rc0,repository.src.main.org.apache.atlas.gremlin.gremlinexpressionfactory,gremlinexpressionfactory,,0,8, public abstract boolean isRepeatExpression ( GroovyExpression expr ) ;
9608,40644,40644,atlas-sources,release-0.8.2-rc0,repository.src.main.org.apache.atlas.util.atlasgremlin3queryprovider,atlasgremlin3queryprovider,,0,8, public String getQuery ( final AtlasGremlinQuery gremlinQuery ) { return super . getQuery ( gremlinQuery ) ; }
9609,40645,40645,atlas-sources,release-0.8.2-rc0,repository.src.main.org.apache.atlas.util.noopgremlinquery,noopgremlinquery,,0,8, public IDataType getDataType ( ) { return dataType ; }
9610,40646,40646,atlas-sources,release-0.8.2-rc0,repository.src.main.org.apache.atlas.util.atlasgremlin2queryprovider,atlasgremlin2queryprovider,,0,8," public String getQuery ( final AtlasGremlinQuery gremlinQuery ) { switch ( gremlinQuery ) { case TYPE_COUNT_METRIC : return ""g.V().has('__type', 'typeSystem').filter({!it.'__type.category'.name().matches('TRAIT')}).count()"" ; case TYPE_UNUSED_COUNT_METRIC : return ""g.V('__type', 'typeSystem').filter({ !it.getProperty('__type.category').name().matches('TRAIT') && it.inE().count() == 0}).count()"" ; case ENTITY_COUNT_METRIC : return ""g.V().has('__superTypeNames', T.in, ['Referenceable']).count()"" ; case TAG_COUNT_METRIC : return ""g.V().has('__type', 'typeSystem').filter({it.getProperty('__type.category').name().matches('TRAIT')}).count()"" ; case ENTITY_DELETED_METRIC : return ""g.V().has('__typeName', T.in, g.V().has('__type', 'typeSystem').filter{it.getProperty('__type.category').name().matches('CLASS')}.'__type.name'.toSet()).has('__status', 'DELETED').count()"" ; case ENTITIES_PER_TYPE_METRIC : return ""g.V().has('__typeName', T.in, g.V().has('__type', 'typeSystem').filter{it.getProperty('__type.category').name() == 'CLASS'}.'__type.name'.toSet()).groupCount{it.getProperty('__typeName')}.cap.toList()"" ; case TAGGED_ENTITIES_METRIC : return ""g.V().has('__traitNames', T.in, g.V().has('__type', 'typeSystem').filter{it.getProperty('__type.category').name() == 'TRAIT'}.'__type.name'.toSet()).count()"" ; case ENTITIES_FOR_TAG_METRIC : return ""g.V().has('__typeName', T.in, g.V().has('__type', 'typeSystem').filter{it.getProperty('__type.category').name() == 'TRAIT'}.'__type.name'.toSet()).groupCount{it.getProperty('__typeName')}.cap.toList()"" ; case EXPORT_BY_GUID_FULL : return ""g.V('__guid', startGuid).bothE().bothV().has('__guid').transform{[__guid:it.__guid,isProcess:(it.__superTypeNames != null) ? it.__superTypeNames.contains('Process') : false ]}.dedup().toList()"" ; case EXPORT_BY_GUID_CONNECTED_IN_EDGE : return ""g.V('__guid', startGuid).inE().outV().has('__guid').transform{[__guid:it.__guid,isProcess:(it.__superTypeNames != null) ? it.__superTypeNames.contains('Process') : false ]}.dedup().toList()"" ; case EXPORT_BY_GUID_CONNECTED_OUT_EDGE : return ""g.V('__guid', startGuid).outE().inV().has('__guid').transform{[__guid:it.__guid,isProcess:(it.__superTypeNames != null) ? it.__superTypeNames.contains('Process') : false ]}.dedup().toList()"" ; case EXPORT_TYPE_STARTS_WITH : return ""g.V().has('__typeName',typeName).filter({it.getProperty(attrName).startsWith(attrValue)}).has('__guid').__guid.toList()"" ; case EXPORT_TYPE_ENDS_WITH : return ""g.V().has('__typeName',typeName).filter({it.getProperty(attrName).endsWith(attrValue)}).has('__guid').__guid.toList()"" ; case EXPORT_TYPE_CONTAINS : return ""g.V().has('__typeName',typeName).filter({it.getProperty(attrName).contains(attrValue)}).has('__guid').__guid.toList()"" ; case EXPORT_TYPE_MATCHES : return ""g.V().has('__typeName',typeName).filter({it.getProperty(attrName).matches(attrValue)}).has('__guid').__guid.toList()"" ; case EXPORT_TYPE_DEFAULT : return ""g.V().has('__typeName',typeName).has(attrName, attrValue).has('__guid').__guid.toList()"" ; case FULL_LINEAGE : return ""g.V('__guid', '%s').as('src').in('%s').out('%s')."" + ""loop('src', {((it.path.contains(it.object)) ? false : true)}, "" + ""{((it.object.'__superTypeNames') ? "" + ""(it.object.'__superTypeNames'.contains('DataSet')) : false)})."" + ""path().toList()"" ; case PARTIAL_LINEAGE : return ""g.V('__guid', '%s').as('src').in('%s').out('%s')."" + ""loop('src', {it.loops <= %s}, {((it.object.'__superTypeNames') ? "" + ""(it.object.'__superTypeNames'.contains('DataSet')) : false)})."" + ""path().toList()"" ; case BASIC_SEARCH_TYPE_FILTER : return "".has('__typeName', T.in, typeNames)"" ; case BASIC_SEARCH_CLASSIFICATION_FILTER : return "".has('__traitNames', T.in, traitNames)"" ; case BASIC_SEARCH_STATE_FILTER : return "".has('__state', state)"" ; case TO_RANGE_LIST : return "" [startIdx..<endIdx].toList()"" ; case GUID_PREFIX_FILTER : return "".filter{it.'__guid'.matches(guid)}"" ; case RELATIONSHIP_SEARCH : return ""g.V('__guid', guid).both(relation).has('__state', T.in, states)"" ; case RELATIONSHIP_SEARCH_ASCENDING_SORT : return "".order{it.a.getProperty(sortAttributeName) <=> it.b.getProperty(sortAttributeName)}"" ; case RELATIONSHIP_SEARCH_DESCENDING_SORT : return "".order{it.b.getProperty(sortAttributeName) <=> it.a.getProperty(sortAttributeName)}"" ; case COMPARE_LT : return "".has('%s', T.lt, %s)"" ; case COMPARE_LTE : return "".has('%s', T.lte, %s)"" ; case COMPARE_GT : return "".has('%s', T.gt, %s)"" ; case COMPARE_GTE : return "".has('%s', T.gte, %s)"" ; case COMPARE_EQ : return "".has('%s', T.eq, %s)"" ; case COMPARE_NEQ : return "".has('%s', T.neq, %s)"" ; case COMPARE_MATCHES : return "".filter({it.getProperty('%s').matches(%s)})"" ; case COMPARE_STARTS_WITH : return "".filter({it.getProperty('%s').startsWith(%s)})"" ; case COMPARE_ENDS_WITH : return "".filter({it.getProperty('%s').endsWith(%s)})"" ; case COMPARE_CONTAINS : return "".filter({it.getProperty('%s').contains(%s)})"" ; case COMPARE_IS_NULL : return "".hasNot('%s')"" ; case COMPARE_NOT_NULL : return "".has('%s')"" ; } return null ; }"
9611,40647,40647,atlas-sources,release-0.8.2-rc0,repository.src.main.org.apache.atlas.util.atlasgremlinqueryprovider,atlasgremlinqueryprovider,,0,8, abstract public String getQuery ( final AtlasGremlinQuery gremlinQuery ) ;
9612,40648,40648,atlas-sources,release-0.8.2-rc0,repository.src.main.org.apache.atlas.util.searchpredicateutil,searchpredicateutil,,0,8," static VertexAttributePredicate getEndsWithPredicate ( String attrName , Class attrClass , String value ) { return new StringPredicate ( attrName , attrClass , value ) { protected boolean compareValue ( Object vertexAttrVal ) { return ( ( String ) vertexAttrVal ) . endsWith ( value ) ; } } ; }"
9613,40649,40649,atlas-sources,release-0.8.2-rc0,repository.src.main.org.apache.atlas.util.searchpredicateutil,booleanpredicate,,0,8," static VertexAttributePredicate getEndsWithPredicate ( String attrName , Class attrClass , String value ) { return new StringPredicate ( attrName , attrClass , value ) { protected boolean compareValue ( Object vertexAttrVal ) { return ( ( String ) vertexAttrVal ) . endsWith ( value ) ; } } ; }"
9614,40650,40650,atlas-sources,release-0.8.2-rc0,repository.src.main.org.apache.atlas.util.searchpredicateutil,shortpredicate,,0,8," static VertexAttributePredicate getEndsWithPredicate ( String attrName , Class attrClass , String value ) { return new StringPredicate ( attrName , attrClass , value ) { protected boolean compareValue ( Object vertexAttrVal ) { return ( ( String ) vertexAttrVal ) . endsWith ( value ) ; } } ; }"
9615,40651,40651,atlas-sources,release-0.8.2-rc0,repository.src.main.org.apache.atlas.util.searchpredicateutil,integerpredicate,,0,8," static VertexAttributePredicate getEndsWithPredicate ( String attrName , Class attrClass , String value ) { return new StringPredicate ( attrName , attrClass , value ) { protected boolean compareValue ( Object vertexAttrVal ) { return ( ( String ) vertexAttrVal ) . endsWith ( value ) ; } } ; }"
9616,40652,40652,atlas-sources,release-0.8.2-rc0,repository.src.main.org.apache.atlas.util.searchpredicateutil,longpredicate,,0,8," static VertexAttributePredicate getEndsWithPredicate ( String attrName , Class attrClass , String value ) { return new StringPredicate ( attrName , attrClass , value ) { protected boolean compareValue ( Object vertexAttrVal ) { return ( ( String ) vertexAttrVal ) . endsWith ( value ) ; } } ; }"
9617,40653,40653,atlas-sources,release-0.8.2-rc0,repository.src.main.org.apache.atlas.util.searchpredicateutil,floatpredicate,,0,8," static VertexAttributePredicate getEndsWithPredicate ( String attrName , Class attrClass , String value ) { return new StringPredicate ( attrName , attrClass , value ) { protected boolean compareValue ( Object vertexAttrVal ) { return ( ( String ) vertexAttrVal ) . endsWith ( value ) ; } } ; }"
9618,40654,40654,atlas-sources,release-0.8.2-rc0,repository.src.main.org.apache.atlas.util.searchpredicateutil,doublepredicate,,0,8," static VertexAttributePredicate getEndsWithPredicate ( String attrName , Class attrClass , String value ) { return new StringPredicate ( attrName , attrClass , value ) { protected boolean compareValue ( Object vertexAttrVal ) { return ( ( String ) vertexAttrVal ) . endsWith ( value ) ; } } ; }"
9619,40655,40655,atlas-sources,release-0.8.2-rc0,repository.src.main.org.apache.atlas.util.searchpredicateutil,bytepredicate,,0,8," static VertexAttributePredicate getEndsWithPredicate ( String attrName , Class attrClass , String value ) { return new StringPredicate ( attrName , attrClass , value ) { protected boolean compareValue ( Object vertexAttrVal ) { return ( ( String ) vertexAttrVal ) . endsWith ( value ) ; } } ; }"
9620,40656,40656,atlas-sources,release-0.8.2-rc0,repository.src.main.org.apache.atlas.util.searchpredicateutil,bigintegerpredicate,,0,8," static VertexAttributePredicate getEndsWithPredicate ( String attrName , Class attrClass , String value ) { return new StringPredicate ( attrName , attrClass , value ) { protected boolean compareValue ( Object vertexAttrVal ) { return ( ( String ) vertexAttrVal ) . endsWith ( value ) ; } } ; }"
9621,40657,40657,atlas-sources,release-0.8.2-rc0,repository.src.main.org.apache.atlas.util.searchpredicateutil,bigdecimalpredicate,,0,8," static VertexAttributePredicate getEndsWithPredicate ( String attrName , Class attrClass , String value ) { return new StringPredicate ( attrName , attrClass , value ) { protected boolean compareValue ( Object vertexAttrVal ) { return ( ( String ) vertexAttrVal ) . endsWith ( value ) ; } } ; }"
9622,40658,40658,atlas-sources,release-0.8.2-rc0,repository.src.main.org.apache.atlas.util.searchpredicateutil,stringpredicate,,0,8," static VertexAttributePredicate getEndsWithPredicate ( String attrName , Class attrClass , String value ) { return new StringPredicate ( attrName , attrClass , value ) { protected boolean compareValue ( Object vertexAttrVal ) { return ( ( String ) vertexAttrVal ) . endsWith ( value ) ; } } ; }"
9623,40664,40664,atlas-sources,release-0.8.2-rc0,webapp.src.main.org.apache.atlas.web.filters.nullservletcontext,nullservletcontext,,0,8," public Dynamic addFilter ( String filterName , String className ) { return null ; }"
9624,40665,40665,atlas-sources,release-0.8.2-rc0,webapp.src.main.org.apache.atlas.web.filters.ssoauthentication,ssoauthentication,,0,8, public Object getPrincipal ( ) { return null ; }
9625,40666,40666,atlas-sources,release-0.8.2-rc0,webapp.src.main.org.apache.atlas.web.params.datetimeparam,datetimeparam,,0,8," protected DateTime parse ( String input ) throws AtlasBaseException { return new DateTime ( input , DateTimeZone . UTC ) ; }"
9626,40667,40667,atlas-sources,release-0.8.2-rc0,webapp.src.main.org.apache.atlas.web.resources.catalogexceptionmapper,catalogexceptionmapper,,0,8, public String getMessage ( ) { return message ; }
9627,40668,40668,atlas-sources,release-0.8.2-rc0,webapp.src.main.org.apache.atlas.web.resources.catalogruntimeexceptionmapper,catalogruntimeexceptionmapper,,0,8, private String getStackTraceFromException ( RuntimeException e ) { StringWriter sw = new StringWriter ( ) ; e . printStackTrace ( new PrintWriter ( sw ) ) ; return sw . toString ( ) ; }
9628,40669,40669,atlas-sources,release-0.8.2-rc0,webapp.src.main.org.apache.atlas.web.resources.baseservice,baseservice,,0,8, private RuntimeException wrapRuntimeException ( RuntimeException e ) { return e instanceof CatalogRuntimeException ? e : new CatalogRuntimeException ( e ) ; }
9629,40670,40670,atlas-sources,release-0.8.2-rc0,webapp.src.main.org.apache.atlas.web.resources.datasetlineageresource,datasetlineageresource,,1,8," public Response schema ( @ Context HttpServletRequest request , @ PathParam ( ""tableName"" ) String tableName ) { if ( LOG . isDebugEnabled ( ) ) { LOG . debug ( ""==> DataSetLineageResource.schema({})"" , tableName ) ; } AtlasPerfTracer perf = null ; try { if ( AtlasPerfTracer . isPerfTraceEnabled ( PERF_LOG ) ) { perf = AtlasPerfTracer . getPerfTracer ( PERF_LOG , ""DataSetLineageResource.schema(tableName="" + tableName + "")"" ) ; } final String jsonResult = lineageService . getSchema ( tableName ) ; JSONObject response = new JSONObject ( ) ; response . put ( AtlasClient . REQUEST_ID , Servlets . getRequestId ( ) ) ; response . put ( ""tableName"" , tableName ) ; response . put ( AtlasClient . RESULTS , new JSONObject ( jsonResult ) ) ; return Response . ok ( response ) . build ( ) ; } catch ( EntityNotFoundException e ) { LOG . error ( ""table entity not found for {}"" , tableName ) ; throw new WebApplicationException ( Servlets . getErrorResponse ( e , Response . Status . NOT_FOUND ) ) ; } catch ( DiscoveryException | IllegalArgumentException e ) { LOG . error ( ""Unable to get schema for table {}"" , tableName , e ) ; throw new WebApplicationException ( Servlets . getErrorResponse ( e , Response . Status . BAD_REQUEST ) ) ; } catch ( WebApplicationException e ) { LOG . error ( ""Unable to get schema for table {}"" , tableName , e ) ; throw e ; } catch ( Throwable e ) { LOG . error ( ""Unable to get schema for table {}"" , tableName , e ) ; throw new WebApplicationException ( Servlets . getErrorResponse ( e , Response . Status . INTERNAL_SERVER_ERROR ) ) ; } finally { AtlasPerfTracer . log ( perf ) ; } }"
9630,40671,40671,atlas-sources,release-0.8.2-rc0,webapp.src.main.org.apache.atlas.web.resources.metadatadiscoveryresource,metadatadiscoveryresource,,0,8," public JSONObject build ( ) throws JSONException { Preconditions . checkNotNull ( fullTextResults ) ; count ( fullTextResults . length ( ) ) ; queryType ( QUERY_TYPE_FULLTEXT ) ; JSONObject response = super . build ( ) ; response . put ( AtlasClient . RESULTS , fullTextResults ) ; return response ; }"
9631,40672,40672,atlas-sources,release-0.8.2-rc0,webapp.src.main.org.apache.atlas.web.security.atlasauthenticationprovider,atlasauthenticationprovider,,0,8, private Authentication getSSOAuthentication ( Authentication authentication ) throws AuthenticationException { return authentication ; }
9632,40673,40673,atlas-sources,release-0.8.2-rc0,webapp.src.main.org.apache.atlas.web.service.userservice,userservice,,0,8, public User loadUserByUsername ( final String username ) throws UsernameNotFoundException { return userDao . loadUserByUsername ( username ) ; }
9633,40674,40674,atlas-sources,release-0.8.2-rc0,webapp.src.test.org.apache.atlas.web.service.activeinstanceelectorservicetest,activeinstanceelectorservicetest,,0,8," public void testPassiveStateSetIfActivationFails ( ) throws Exception { when ( configuration . containsKey ( HAConfiguration . ATLAS_SERVER_HA_ENABLED_KEY ) ) . thenReturn ( true ) ; when ( configuration . getBoolean ( HAConfiguration . ATLAS_SERVER_HA_ENABLED_KEY ) ) . thenReturn ( true ) ; when ( configuration . getStringArray ( HAConfiguration . ATLAS_SERVER_IDS ) ) . thenReturn ( new String [ ] { ""id1"" } ) ; when ( configuration . getString ( HAConfiguration . ATLAS_SERVER_ADDRESS_PREFIX + ""id1"" ) ) . thenReturn ( ""127.0.0.1:21000"" ) ; when ( configuration . getString ( HAConfiguration . ATLAS_SERVER_HA_ZK_ROOT_KEY , HAConfiguration . ATLAS_SERVER_ZK_ROOT_DEFAULT ) ) . thenReturn ( HAConfiguration . ATLAS_SERVER_ZK_ROOT_DEFAULT ) ; LeaderLatch leaderLatch = mock ( LeaderLatch . class ) ; when ( curatorFactory . leaderLatchInstance ( ""id1"" , HAConfiguration . ATLAS_SERVER_ZK_ROOT_DEFAULT ) ) . thenReturn ( leaderLatch ) ; doThrow ( new AtlasBaseException ( ) ) . when ( activeInstanceState ) . update ( ""id1"" ) ; ActiveInstanceElectorService activeInstanceElectorService = new ActiveInstanceElectorService ( configuration , new HashSet < ActiveStateChangeHandler > ( ) , curatorFactory , activeInstanceState , serviceState ) ; activeInstanceElectorService . start ( ) ; activeInstanceElectorService . isLeader ( ) ; InOrder inOrder = inOrder ( serviceState ) ; inOrder . verify ( serviceState ) . becomingActive ( ) ; inOrder . verify ( serviceState ) . becomingPassive ( ) ; inOrder . verify ( serviceState ) . setPassive ( ) ; }"
9634,40675,40675,atlas-sources,release-0.8.2-rc0,webapp.src.main.org.apache.atlas.web.setup.kerberosawarelistener,kerberosawarelistener,,0,8, public void contextInitialized ( ServletContextEvent event ) { LoginProcessor loginProcessor = new LoginProcessor ( ) ; loginProcessor . login ( ) ; super . contextInitialized ( event ) ; }
9635,40676,40676,atlas-sources,release-0.8.2-rc0,webapp.src.main.org.apache.atlas.web.util.datetimehelper,datetimehelper,,0,8," public static boolean validate ( final String date ) { Matcher matcher = PATTERN . matcher ( date ) ; if ( matcher . matches ( ) ) { matcher . reset ( ) ; if ( matcher . find ( ) ) { int year = Integer . parseInt ( matcher . group ( 1 ) ) ; String month = matcher . group ( 2 ) ; String day = matcher . group ( 3 ) ; if ( day . equals ( ""31"" ) && ( month . equals ( ""4"" ) || month . equals ( ""6"" ) || month . equals ( ""9"" ) || month . equals ( ""11"" ) || month . equals ( ""04"" ) || month . equals ( ""06"" ) || month . equals ( ""09"" ) ) ) { return false ; } else if ( month . equals ( ""2"" ) || month . equals ( ""02"" ) ) { if ( year % 4 == 0 ) { return ! ( day . equals ( ""30"" ) || day . equals ( ""31"" ) ) ; } else { return ! ( day . equals ( ""29"" ) || day . equals ( ""30"" ) || day . equals ( ""31"" ) ) ; } } else { return true ; } } else { return false ; } } else { return false ; } }"
9636,40677,40677,atlas-sources,release-0.8.2-rc0,webapp.src.test.org.apache.atlas.web.util.servletstest,servletstest,,0,8," public void testEmptyMessage ( ) throws Exception { Response response = Servlets . getErrorResponse ( new NullPointerException ( ) , Response . Status . INTERNAL_SERVER_ERROR ) ; assertNotNull ( response ) ; JSONObject responseEntity = ( JSONObject ) response . getEntity ( ) ; assertNotNull ( responseEntity ) ; assertNotNull ( responseEntity . getString ( AtlasClient . ERROR ) ) ; }"
9637,40678,40678,atlas-sources,release-0.8.2-rc0,webapp.src.main.org.apache.atlas.web.errors.allexceptionmapper,allexceptionmapper,,0,8," public Response toResponse ( Exception exception ) { final long id = ThreadLocalRandom . current ( ) . nextLong ( ) ; ExceptionMapperUtil . logException ( id , exception ) ; return Response . serverError ( ) . entity ( ExceptionMapperUtil . formatErrorMessage ( id , exception ) ) . build ( ) ; }"
9638,40679,40679,atlas-sources,release-0.8.2-rc0,webapp.src.main.org.apache.atlas.web.errors.notfoundexceptionmapper,notfoundexceptionmapper,,0,8," public Response toResponse ( NotFoundException e ) { final long id = ThreadLocalRandom . current ( ) . nextLong ( ) ; return Response . status ( Response . Status . NOT_FOUND ) . entity ( ExceptionMapperUtil . formatErrorMessage ( id , e ) ) . build ( ) ; }"
9639,40680,40680,atlas-sources,release-0.8.2-rc0,webapp.src.main.org.apache.atlas.web.rest.entityrest,entityrest,,0,8," private void validateUniqueAttribute ( AtlasEntityType entityType , Map < String , Object > attributes ) throws AtlasBaseException { if ( MapUtils . isEmpty ( attributes ) ) { throw new AtlasBaseException ( AtlasErrorCode . ATTRIBUTE_UNIQUE_INVALID , entityType . getTypeName ( ) , """" ) ; } for ( String attributeName : attributes . keySet ( ) ) { AtlasAttributeDef attribute = entityType . getAttributeDef ( attributeName ) ; if ( attribute == null || ! attribute . getIsUnique ( ) ) { throw new AtlasBaseException ( AtlasErrorCode . ATTRIBUTE_UNIQUE_INVALID , entityType . getTypeName ( ) , attributeName ) ; } } }"
9640,40681,40681,atlas-sources,release-0.8.2-rc0,webapp.src.test.org.apache.atlas.web.integration.adminjerseyresourceit,adminjerseyresourceit,,0,8," public void testGetVersion ( ) throws Exception { JSONObject response = atlasClientV1 . callAPIWithBodyAndParams ( AtlasClient . API_V1 . VERSION , null , ( String [ ] ) null ) ; Assert . assertNotNull ( response ) ; PropertiesConfiguration buildConfiguration = new PropertiesConfiguration ( ""atlas-buildinfo.properties"" ) ; Assert . assertEquals ( response . get ( ""Version"" ) , buildConfiguration . getString ( ""build.version"" ) ) ; Assert . assertEquals ( response . get ( ""Name"" ) , buildConfiguration . getString ( ""project.name"" ) ) ; Assert . assertEquals ( response . get ( ""Description"" ) , buildConfiguration . getString ( ""project.description"" ) ) ; }"
9641,40682,40682,atlas-sources,release-0.8.2-rc0,catalog.src.main.org.apache.atlas.catalog.collectionrequest,collectionrequest,,0,8, public Cardinality getCardinality ( ) { return Cardinality . COLLECTION ; }
9642,40683,40683,atlas-sources,release-0.8.2-rc0,catalog.src.main.org.apache.atlas.catalog.defaultdateformatter,defaultdateformatter,,0,8, public String format ( Long l ) { Calendar calendar = new GregorianCalendar ( ) ; calendar . setTimeInMillis ( l ) ; return DATE_FORMAT . format ( calendar . getTime ( ) ) ; }
9643,40684,40684,atlas-sources,release-0.8.2-rc0,catalog.src.main.org.apache.atlas.catalog.instancerequest,instancerequest,,0,8, public Cardinality getCardinality ( ) { return Cardinality . INSTANCE ; }
9644,40685,40685,atlas-sources,release-0.8.2-rc0,catalog.src.test.org.apache.atlas.catalog.defaultdateformattertest,defaultdateformattertest,,0,8," public void test ( ) { Calendar calendar = new GregorianCalendar ( 2016 , 0 , 20 , 5 , 10 , 15 ) ; long millis = calendar . getTimeInMillis ( ) ; DefaultDateFormatter dateFormatter = new DefaultDateFormatter ( ) ; assertEquals ( ""2016-01-20:05:10:15"" , dateFormatter . format ( millis ) ) ; }"
9645,40686,40686,atlas-sources,release-0.8.2-rc0,catalog.src.test.org.apache.atlas.catalog.defaultpropertymappertest,testdefaultpropertymapper,,0,8, protected HierarchicalType createDataType ( String type ) { return dataType ; }
9646,40687,40687,atlas-sources,release-0.8.2-rc0,catalog.src.test.org.apache.atlas.catalog.vertexwrappertest,vertexwrappertest,,0,8," public void testSetProperty ( ) { String testType = ""testType"" ; String cleanPropName = ""prop1"" ; String qualifiedPropName = ""test.prop1"" ; String propValue = ""newValue"" ; Vertex v = createStrictMock ( Vertex . class ) ; PropertyMapper propertyMapper = createStrictMock ( PropertyMapper . class ) ; expect ( v . < String > getProperty ( Constants . ENTITY_TYPE_PROPERTY_KEY ) ) . andReturn ( testType ) ; expect ( propertyMapper . toFullyQualifiedName ( cleanPropName , testType ) ) . andReturn ( qualifiedPropName ) ; v . setProperty ( qualifiedPropName , propValue ) ; replay ( v , propertyMapper ) ; VertexWrapper vWrapper = new VertexWrapper ( v , propertyMapper , Collections . < String , PropertyValueFormatter > emptyMap ( ) ) ; vWrapper . setProperty ( cleanPropName , propValue ) ; verify ( v , propertyMapper ) ; }"
9647,40688,40688,atlas-sources,release-0.8.2-rc0,catalog.src.main.org.apache.atlas.catalog.projection.relationset,relationset,,0,8, public Collection < VertexWrapper > getVertices ( ) { return Collections . unmodifiableCollection ( m_vertices ) ; }
9648,40689,40689,atlas-sources,release-0.8.2-rc0,catalog.src.main.org.apache.atlas.catalog.query.alwaysqueryexpression,alwaysqueryexpression,,0,8, public boolean evaluate ( Object value ) { return true ; }
9649,40690,40690,atlas-sources,release-0.8.2-rc0,catalog.src.main.org.apache.atlas.catalog.query.atlasentityquery,atlasentityquery,,0,8," protected Pipe getQueryPipe ( ) { return new GremlinPipeline ( ) . has ( Constants . ENTITY_TEXT_PROPERTY_KEY ) . hasNot ( Constants . ENTITY_TYPE_PROPERTY_KEY , ""Taxonomy"" ) ; }"
9650,40691,40691,atlas-sources,release-0.8.2-rc0,catalog.src.main.org.apache.atlas.catalog.query.atlastaxonomyquery,atlastaxonomyquery,,0,8," protected Pipe getQueryPipe ( ) { return new GremlinPipeline ( ) . has ( ""__typeName"" , ""Taxonomy"" ) ; }"
9651,40692,40692,atlas-sources,release-0.8.2-rc0,catalog.src.main.org.apache.atlas.catalog.query.atlastermquery,atlastermquery,,0,8," protected Pipe getQueryPipe ( ) { GremlinPipeline p ; if ( termPath . getTaxonomyName ( ) . equals ( ""*"" ) ) { p = new GremlinPipeline ( ) . has ( ""Taxonomy.name"" ) . out ( ) ; } else { p = new GremlinPipeline ( ) . has ( ""Taxonomy.name"" , termPath . getTaxonomyName ( ) ) . out ( ) . has ( Constants . ENTITY_TYPE_PROPERTY_KEY , Text . PREFIX , termPath . getFullyQualifiedName ( ) ) ; } return p ; }"
9652,40693,40693,atlas-sources,release-0.8.2-rc0,catalog.src.main.org.apache.atlas.catalog.query.prefixqueryexpression,prefixqueryexpression,,0,8, public boolean evaluate ( Object value ) { return value != null && String . valueOf ( value ) . startsWith ( getExpectedValue ( ) ) ; }
9653,40694,40694,atlas-sources,release-0.8.2-rc0,catalog.src.main.org.apache.atlas.catalog.query.regexqueryexpression,regexqueryexpression,,0,8, public boolean evaluate ( Object value ) { Pattern p = Pattern . compile ( getExpectedValue ( ) ) ; return value != null && p . matcher ( String . valueOf ( value ) ) . matches ( ) ; }
9654,40695,40695,atlas-sources,release-0.8.2-rc0,catalog.src.main.org.apache.atlas.catalog.query.wildcardqueryexpression,wildcardqueryexpression,,0,8," public boolean evaluate ( Object value ) { String regex = getExpectedValue ( ) . replaceAll ( ""\\*"" , "".*"" ) . replaceAll ( ""\\?"" , ""."" ) ; return Pattern . compile ( regex ) . matcher ( String . valueOf ( value ) ) . matches ( ) ; }"
9655,40696,40696,atlas-sources,release-0.8.2-rc0,typesystem.src.main.org.apache.atlas.typesystem.struct,struct,,0,8, public boolean equalsContents ( Object o ) { if ( this == o ) { return true ; } if ( o == null ) { return false ; } if ( o . getClass ( ) != getClass ( ) ) { return false ; } Struct obj = ( Struct ) o ; if ( ! typeName . equals ( obj . getTypeName ( ) ) ) { return false ; } if ( ! values . equals ( obj . getValuesMap ( ) ) ) { return false ; } return true ; }
9656,40697,40697,atlas-sources,release-0.8.2-rc0,typesystem.src.main.org.apache.atlas.typesystem.persistence.downcaststructinstance,downcaststructinstance,,0,8, public String toShortString ( ) { return toString ( ) ; }
9657,40698,40698,atlas-sources,release-0.8.2-rc0,typesystem.src.main.org.apache.atlas.typesystem.persistence.atlassystemattributes,atlassystemattributes,,0,8, public Date getModifiedTime ( ) { return modifiedTime ; }
9658,40699,40699,atlas-sources,release-0.8.2-rc0,typesystem.src.main.org.apache.atlas.typesystem.persistence.id,id,,0,8, private static long nextNegativeLong ( ) { long ret = s_nextId . getAndDecrement ( ) ; if ( ret > 0 ) { ret *= - 1 ; } else if ( ret == 0 ) { ret = Long . MIN_VALUE ; } return ret ; }
9659,40700,40700,atlas-sources,release-0.8.2-rc0,typesystem.src.main.org.apache.atlas.typesystem.types.downcastfieldmapping,downcastfieldmapping,,0,8," public Object get ( DownCastStructInstance s , String attrName ) throws AtlasException { String mappedNm = fieldNameMap . get ( attrName ) ; if ( mappedNm == null ) { throw new ValueConversionException ( String . format ( ""Unknown field %s for Struct %s"" , attrName , s . getTypeName ( ) ) ) ; } return s . backingInstance . get ( mappedNm ) ; }"
9660,40701,40701,atlas-sources,release-0.8.2-rc0,typesystem.src.main.org.apache.atlas.typesystem.types.enumvalue,enumvalue,,0,8, public String toString ( ) { return value ; }
9661,40702,40702,atlas-sources,release-0.8.2-rc0,typesystem.src.main.org.apache.atlas.typesystem.types.iconstructabletype,iconstructabletype,,0,8, List < String > getNames ( AttributeInfo info ) ;
9662,40703,40703,atlas-sources,release-0.8.2-rc0,typesystem.src.main.org.apache.atlas.typesystem.types.typedstructhandler,typedstructhandler,,0,8," public void output ( IStruct s , Appendable buf , String prefix , Set < IStruct > inProcess ) throws AtlasException { fieldMapping . output ( s , buf , prefix , inProcess ) ; }"
9663,40704,40704,atlas-sources,release-0.8.2-rc0,typesystem.src.main.org.apache.atlas.typesystem.types.abstractdatatype,abstractdatatype,,0,8, public String getVersion ( ) { return version ; }
9664,40705,40705,atlas-sources,release-0.8.2-rc0,typesystem.src.main.org.apache.atlas.typesystem.types.attributeinfo,attributeinfo,,0,8," public static AttributeDefinition fromJson ( String jsonStr ) throws JSONException { JSONObject json = new JSONObject ( jsonStr ) ; String reverseAttr = null ; if ( json . has ( ""reverseAttributeName"" ) ) { reverseAttr = json . getString ( ""reverseAttributeName"" ) ; } return new AttributeDefinition ( json . getString ( ""name"" ) , json . getString ( ""dataType"" ) , Multiplicity . fromJson ( json . getString ( ""multiplicity"" ) ) , json . getBoolean ( ""isComposite"" ) , json . getBoolean ( ""isUnique"" ) , json . getBoolean ( ""isIndexable"" ) , reverseAttr ) ; }"
9665,40706,40706,atlas-sources,release-0.8.2-rc0,typesystem.src.main.org.apache.atlas.typesystem.types.classtype,classtype,,0,8," public void updateSignatureHash ( MessageDigest digester , Object val ) throws AtlasException { if ( ! ( val instanceof ITypedReferenceableInstance ) ) { throw new IllegalArgumentException ( ""Unexpected value type "" + val . getClass ( ) . getSimpleName ( ) + "". Expected instance of ITypedStruct"" ) ; } digester . update ( getName ( ) . getBytes ( Charset . forName ( ""UTF-8"" ) ) ) ; if ( fieldMapping . fields != null && val != null ) { IReferenceableInstance typedValue = ( IReferenceableInstance ) val ; if ( fieldMapping . fields . values ( ) != null ) { for ( AttributeInfo aInfo : fieldMapping . fields . values ( ) ) { Object attrVal = typedValue . get ( aInfo . name ) ; if ( attrVal != null ) { aInfo . dataType ( ) . updateSignatureHash ( digester , attrVal ) ; } } } } }"
9666,40707,40707,atlas-sources,release-0.8.2-rc0,typesystem.src.main.org.apache.atlas.typesystem.types.enumtype,enumtype,,0,8, public ImmutableCollection < EnumValue > values ( ) { return valueMap . values ( ) ; }
9667,40708,40708,atlas-sources,release-0.8.2-rc0,typesystem.src.main.org.apache.atlas.typesystem.types.enumtypedefinition,enumtypedefinition,,0,8," public int hashCode ( ) { return Objects . hash ( name , description , version , enumValues ) ; }"
9668,40709,40709,atlas-sources,release-0.8.2-rc0,typesystem.src.main.org.apache.atlas.typesystem.types.hierarchicaltype,path,,0,8, public void remove ( ) { throw new UnsupportedOperationException ( ) ; }
9669,40710,40710,atlas-sources,release-0.8.2-rc0,typesystem.src.main.org.apache.atlas.typesystem.types.hierarchicaltypedefinition,hierarchicaltypedefinition,,0,8," public int hashCode ( ) { return Objects . hash ( super . hashCode ( ) , superTypes , hierarchicalMetaTypeName ) ; }"
9670,40711,40711,atlas-sources,release-0.8.2-rc0,typesystem.src.main.org.apache.atlas.typesystem.types.idatatype,idatatype,,0,8, String getVersion ( ) ;
9671,40712,40712,atlas-sources,release-0.8.2-rc0,typesystem.src.main.org.apache.atlas.typesystem.types.multiplicity,multiplicity,,0,8," public static Multiplicity fromJson ( String jsonStr ) throws JSONException { JSONObject json = new JSONObject ( jsonStr ) ; return new Multiplicity ( json . getInt ( ""lower"" ) , json . getInt ( ""upper"" ) , json . getBoolean ( ""isUnique"" ) ) ; }"
9672,40713,40713,atlas-sources,release-0.8.2-rc0,typesystem.src.main.org.apache.atlas.typesystem.types.objectgraphwalker,node,,0,8, public String toString ( ) { StringBuilder string = new StringBuilder ( ) . append ( instance ) . append ( aInfo ) . append ( value ) ; return string . toString ( ) ; }
9673,40714,40714,atlas-sources,release-0.8.2-rc0,typesystem.src.main.org.apache.atlas.typesystem.types.structtypedefinition,structtypedefinition,,0,8," public int hashCode ( ) { return Objects . hash ( typeName , typeDescription , typeVersion , attributeDefinitions ) ; }"
9674,40715,40715,atlas-sources,release-0.8.2-rc0,typesystem.src.main.org.apache.atlas.typesystem.types.traittype,traittype,,0,8, public List < String > getNames ( AttributeInfo info ) { return infoToNameMap . get ( info ) ; }
9675,40716,40716,atlas-sources,release-0.8.2-rc0,typesystem.src.main.org.apache.atlas.typesystem.types.datatypes,datatypes,,0,8," public void updateSignatureHash ( MessageDigest digester , Object val ) throws AtlasException { IDataType keyType = getKeyType ( ) ; IDataType valueType = getValueType ( ) ; Map vals = ( Map ) val ; for ( Object key : vals . keySet ( ) ) { keyType . updateSignatureHash ( digester , key ) ; valueType . updateSignatureHash ( digester , vals . get ( key ) ) ; } }"
9676,40717,40717,atlas-sources,release-0.8.2-rc0,typesystem.src.main.org.apache.atlas.typesystem.types.datatypes,bigintegertype,,0,8," public void updateSignatureHash ( MessageDigest digester , Object val ) throws AtlasException { IDataType keyType = getKeyType ( ) ; IDataType valueType = getValueType ( ) ; Map vals = ( Map ) val ; for ( Object key : vals . keySet ( ) ) { keyType . updateSignatureHash ( digester , key ) ; valueType . updateSignatureHash ( digester , vals . get ( key ) ) ; } }"
9677,40718,40718,atlas-sources,release-0.8.2-rc0,typesystem.src.main.org.apache.atlas.typesystem.types.datatypes,bigdecimaltype,,0,8," public void updateSignatureHash ( MessageDigest digester , Object val ) throws AtlasException { IDataType keyType = getKeyType ( ) ; IDataType valueType = getValueType ( ) ; Map vals = ( Map ) val ; for ( Object key : vals . keySet ( ) ) { keyType . updateSignatureHash ( digester , key ) ; valueType . updateSignatureHash ( digester , vals . get ( key ) ) ; } }"
9678,40719,40719,atlas-sources,release-0.8.2-rc0,typesystem.src.main.org.apache.atlas.typesystem.types.typesystem,typesystem,,0,8, public String versionAttrName ( ) { return VERSION_ATTRNAME ; }
9679,40720,40720,atlas-sources,release-0.8.2-rc0,typesystem.src.main.org.apache.atlas.typesystem.types.typeutils,typeutils,,0,8," public static void validateUpdate ( FieldMapping oldFieldMapping , FieldMapping newFieldMapping ) throws TypeUpdateException { Map < String , AttributeInfo > newFields = newFieldMapping . fields ; for ( AttributeInfo attribute : oldFieldMapping . fields . values ( ) ) { if ( newFields . containsKey ( attribute . name ) ) { AttributeInfo newAttribute = newFields . get ( attribute . name ) ; if ( ! newAttribute . equals ( attribute ) ) { if ( attribute . multiplicity == Multiplicity . REQUIRED && newAttribute . multiplicity == Multiplicity . OPTIONAL ) { continue ; } else { throw new TypeUpdateException ( ""Attribute "" + attribute . name + "" can't be updated"" ) ; } } } else { throw new TypeUpdateException ( ""Old Attribute "" + attribute . name + "" is missing"" ) ; } } Set < String > newAttributes = new HashSet < > ( ImmutableList . copyOf ( newFields . keySet ( ) ) ) ; newAttributes . removeAll ( oldFieldMapping . fields . keySet ( ) ) ; for ( String attributeName : newAttributes ) { AttributeInfo newAttribute = newFields . get ( attributeName ) ; if ( newAttribute . multiplicity == Multiplicity . REQUIRED ) { throw new TypeUpdateException ( ""Can't add required attribute "" + attributeName ) ; } } }"
9680,40721,40721,atlas-sources,release-0.8.2-rc0,typesystem.src.main.org.apache.atlas.typesystem.types.attributedefinition,attributedefinition,,0,8, public String toString ( ) { return name ; }
9681,40722,40722,atlas-sources,release-0.8.2-rc0,typesystem.src.test.org.apache.atlas.typesystem.types.classtest,classtest,,0,8," protected TypesDef getTypesDef ( HierarchicalTypeDefinition < ClassType > ... typeDefinitions ) { return TypesUtil . getTypesDef ( ImmutableList . < EnumTypeDefinition > of ( ) , ImmutableList . < StructTypeDefinition > of ( ) , ImmutableList . < HierarchicalTypeDefinition < TraitType > > of ( ) , ImmutableList . copyOf ( typeDefinitions ) ) ; }"
9682,40723,40723,atlas-sources,release-0.8.2-rc0,typesystem.src.test.org.apache.atlas.typesystem.types.typeupdatebasetest,typeupdatebasetest,,0,8," protected abstract StructTypeDefinition getTypeDefinition ( String typeName , AttributeDefinition ... attributeDefinitions ) ;"
9683,40724,40724,atlas-sources,release-0.8.2-rc0,typesystem.src.test.org.apache.atlas.typesystem.types.structtest,structtest,,0,8," protected TypesDef getTypesDef ( StructTypeDefinition typeDefinition ) { return TypesUtil . getTypesDef ( ImmutableList . < EnumTypeDefinition > of ( ) , ImmutableList . of ( typeDefinition ) , ImmutableList . < HierarchicalTypeDefinition < TraitType > > of ( ) , ImmutableList . < HierarchicalTypeDefinition < ClassType > > of ( ) ) ; }"
9684,40725,40725,atlas-sources,release-0.8.2-rc0,typesystem.src.main.org.apache.atlas.typesystem.types.cache.typecache,typecache,,0,8, IDataType onTypeFault ( String typeName ) throws AtlasException ;
9685,40726,40726,atlas-sources,release-0.8.2-rc0,intg.src.main.org.apache.atlas.model.atlasbasemodelobject,atlasbasemodelobject,,0,8, protected abstract StringBuilder toString ( StringBuilder sb ) ;
9686,40727,40727,atlas-sources,release-0.8.2-rc0,intg.src.main.org.apache.atlas.model.searchfilter,searchfilter,,0,8, public void setSortType ( SortType sortType ) { this . sortType = sortType ; }
9687,40728,40728,atlas-sources,release-0.8.2-rc0,intg.src.main.org.apache.atlas.model.discovery.searchparameters,searchparameters,,0,8, public String toString ( ) { return getSymbol ( ) ; }
9688,40729,40729,atlas-sources,release-0.8.2-rc0,intg.src.main.org.apache.atlas.model.impexp.atlasimportresult,atlasimportresult,,0,8, public String toString ( ) { return toString ( new StringBuilder ( ) ) . toString ( ) ; }
9689,40730,40730,atlas-sources,release-0.8.2-rc0,intg.src.main.org.apache.atlas.model.impexp.atlasexportresult,atlasexportresult,,0,8, public void clear ( ) { if ( this . typesDef != null ) { this . typesDef . clear ( ) ; } if ( this . entityCreationOrder != null ) { this . entityCreationOrder . clear ( ) ; } }
9690,40731,40731,atlas-sources,release-0.8.2-rc0,intg.src.main.org.apache.atlas.model.impexp.atlasimportrequest,atlasimportrequest,,0,8," public void setOption ( String key , String value ) { if ( null == options ) { options = new HashMap < > ( ) ; } options . put ( key , value ) ; }"
9691,40732,40732,atlas-sources,release-0.8.2-rc0,intg.src.main.org.apache.atlas.model.instance.atlasentity,atlasentity,,0,8," public int hashCode ( ) { return Objects . hash ( super . hashCode ( ) , entities ) ; }"
9692,40733,40733,atlas-sources,release-0.8.2-rc0,intg.src.main.org.apache.atlas.model.instance.entitymutationresponse,entitymutationresponse,,0,8," private AtlasEntityHeader getEntityByTypeAndUniqueAttribute ( List < AtlasEntityHeader > entitiesByOperation , String typeName , String attrName , String attrVal ) { if ( entitiesByOperation != null && entitiesByOperation . size ( ) > 0 ) { for ( AtlasEntityHeader header : entitiesByOperation ) { if ( header . getTypeName ( ) . equals ( typeName ) ) { if ( attrVal != null && attrVal . equals ( header . getAttribute ( attrName ) ) ) { return header ; } } } } return null ; }"
9693,40734,40734,atlas-sources,release-0.8.2-rc0,intg.src.main.org.apache.atlas.model.typedef.atlasbasetypedef,atlasbasetypedef,,0,8," public static StringBuilder dumpDateField ( String prefix , Date value , StringBuilder sb ) { sb . append ( prefix ) ; if ( value == null ) { sb . append ( value ) ; } else { sb . append ( getDateFormatter ( ) . format ( value ) ) ; } return sb ; }"
9694,40735,40735,atlas-sources,release-0.8.2-rc0,intg.src.main.org.apache.atlas.model.typedef.atlasstructdef,atlasstructdef,,0,8, public String toString ( ) { return toString ( new StringBuilder ( ) ) . toString ( ) ; }
9695,40736,40736,atlas-sources,release-0.8.2-rc0,intg.src.main.org.apache.atlas.type.atlasarraytype,atlasarraytype,,0,8, private boolean isValidElementCount ( int count ) { if ( minCount != COUNT_NOT_SET ) { if ( count < minCount ) { return false ; } } if ( maxCount != COUNT_NOT_SET ) { if ( count > maxCount ) { return false ; } } return true ; }
9696,40737,40737,atlas-sources,release-0.8.2-rc0,intg.src.main.org.apache.atlas.type.atlasbuiltintypes,atlasbuiltintypes,,0,8, private boolean isValidMap ( Map map ) { Object guid = map . get ( AtlasObjectId . KEY_GUID ) ; if ( guid != null && StringUtils . isNotEmpty ( guid . toString ( ) ) ) { return true ; } else { Object typeName = map . get ( AtlasObjectId . KEY_TYPENAME ) ; if ( typeName != null && StringUtils . isNotEmpty ( typeName . toString ( ) ) ) { Object uniqueAttributes = map . get ( AtlasObjectId . KEY_UNIQUE_ATTRIBUTES ) ; if ( uniqueAttributes instanceof Map && MapUtils . isNotEmpty ( ( Map ) uniqueAttributes ) ) { return true ; } } } return false ; }
9697,40738,40738,atlas-sources,release-0.8.2-rc0,intg.src.main.org.apache.atlas.type.atlastyperegistry,atlastyperegistry,,0,8, public void clear ( ) { typeCache . clear ( ) ; typeDefGuidMap . clear ( ) ; typeDefNameMap . clear ( ) ; typeNameMap . clear ( ) ; }
